Workbook

Sheet EstacionVirtual
G1: v.20211129
B3: Estaciones virtuales
B4: Tipo | C4: IdEstacion | D4: Nombre | E4: Latitud, ° | F4: Longitud, ° | G4: Altitud, m
B5: Estación virtual | C5: Virtual1 | D5: Virtual 1 | E5: 10.064161 | F5: -72.937769 | G5: 2871
C6: Virtual2 | D6: Virtual 2 | E6: 9.739112 | F6: -72.944279 | G6: 1323
C7: Virtual3 | D7: Virtual 3 | E7: 9.55008 | F7: -73.027958 | G7: 595
C8: Virtual4 | D8: Virtual 4 | E8: 9.395879 | F8: -73.196423 | G8: 2467
B9: Latitud y longitud en grados decimales proyectados en sistema WGS 1984. | F9: Zonal Virtual >> | G9: =AVERAGE(G5:G8) -> 1814

Sheet Metodo
B2: Métodos para extensión espacial de datos de precipitación
B3: Requerimientos y aplicabilidad vs. Método según el tipo de datos disponibles | D3: =Metodo1!B2 -> Método 1: estimación de la precipitación máxima en estaciones virtuales a partir del valor inverso de la distancia | E3: =Metodo2!B2 -> Método 2: estimación de la precipitación máxima en estaciones virtuales a partir de la relación entre la precipitación máxima, la precipitación media y el valor inverso de la distancia | F3: =Metodo3!B2 -> Método 3: estimación de la precipitación máxima en estaciones virtuales a partir de la relación entre la precipitación máxima, la precipitación media, la altitud y el valor inverso de la distancia | G3: =Metodo4!B2 -> Método 4: estimación de la precipitación máxima en estaciones virtuales a partir de la relación entre la precipitación máxima, la precipitación media, el logaritmo de la altitud y el valor inverso de la distancia
B4: Función | C4: Método de cálculo
B7: Requerimiento | C7: Precipitación máxima media anual en estaciones reales | D7: 1 | E7: 1 | F7: 1 | G7: 1
C8: Precipitación total media anual en estaciones reales y virtuales | D8: 0 | E8: 1 | F8: 1 | G8: 1
C9: Distancia entre estaciones reales y virtuales (Latitud y Longitud) | D9: 1 | E9: 1 | F9: 1 | G9: 1
C10: Altitud en estaciones reales y virtuales | D10: 0 | E10: 0 | F10: 1 | G10: 1
B12: Aplicabilidad | C12: El centro geográfico de la precipitación máxima ocurre dentro del área espacial de las estaciones reales | D12: 1 | E12: 0 | F12: 0 | G12: 0
C13: El centro geográfico de la precipitación máxima ocurre fuera del área espacial de las estaciones reales | D13: 1 | E13: 1 | F13: 1 | G13: 1
C14: Precipitación total en estaciones reales y virtuales tiene alta desviación estándar | D14: 1 | E14: 0 | F14: 0 | G14: 0
C15: Precipitación total en estaciones reales y virtuales tiene desviación estándar menor al 10% de la media de los valores | D15: 1 | E15: 1 | F15: 1 | G15: 1
C16: Estaciones virtuales se localizan dentro de la cuenca de estudio | D16: 1 | E16: 1 | F16: 1 | G16: 1
C17: Estaciones virtuales se localizan fuera de la cuenca de estudio | D17: 1 | E17: 0 | F17: 0 | G17: 0
C18: Altitud en estaciones reales y virtuales tiene baja desviación estándar menor al 10% de la media de los valores | D18: 1 | E18: 0 | F18: 1 | G18: 1
C19: Régimen hidrológico de la cuenca de estudio es similar al de la cuenca donde se ubican las estaciones virtuales | D19: 1 | E19: 1 | F19: 1 | G19: 1
C20: Régimen hidrológico de la cuenca de estudio es diferente al de la cuenca donde se ubican las estaciones virtuales | D20: 1 | E20: 0 | F20: 0 | G20: 0

Sheet Metodo1
B2: Método 1: estimación de la precipitación máxima en estaciones virtuales a partir del valor inverso de la distancia
B3: (Máximos obtenidos del análisis realizado previamente y almacenado en el archivo ..\HIDG\Tablas\PMax24h_v0.xls)
B5: A. Estaciones | F5: Zonal Real >> | G5: =AVERAGE(G7:G32) -> 136.92308 | H5: =AVERAGE(H7:H32) -> 97.615969 | I5: =AVERAGE(I7:I32) -> 33.053471
B6: Tipo | C6: IdEstación | D6: Nombre | E6: Latitud, ° | F6: Longitud, ° | G6: Altitud, m | H6: PMax24h, mm | I6: PMaxDesvStd, mm
A7: 1 | B7: Estación real | C7: 25020230 | D7: JAGUA LA [25020230] | E7: 9.5621667 | F7: -73.339472 | G7: 135 | H7: 105.8007 | I7: 38.727465
A8: 2 | C8: 25020240 | D8: CANAL EL [25020240] | E8: 9.4104722 | F8: -73.890417 | G8: 55 | H8: 104.89744 | I8: 27.984765
A9: 3 | C9: 25020250 | D9: CURUMANI [25020250] | E9: 9.1971944 | F9: -73.541944 | G9: 61 | H9: 108.5942 | I9: 27.311794
A10: 4 | C10: 25020260 | D10: RINCONHONDO [25020260] | E10: 9.3970278 | F10: -73.488028 | G10: 64 | H10: 106.89744 | I10: 31.885317
A11: 5 | C11: 25020280 | D11: LOMA LA [25020280] | E11: 9.6065278 | F11: -73.611972 | G11: 42 | H11: 109.06667 | I11: 36.410592
A12: 6 | C12: 25020690 | D12: POPONTE [25020690] | E12: 9.4232778 | F12: -73.410944 | G12: 91 | H12: 97.25641 | I12: 27.481781
A13: 7 | C13: 25020920 | D13: PRIMAVERA LA [25020920] | E13: 9.2166667 | F13: -73.416667 | G13: 1268 | H13: 100.90278 | I13: 48.729675
A14: 8 | C14: 25021240 | D14: CHIMICHAGUA [25021240] | E14: 9.2600833 | F14: -73.809861 | G14: 33 | H14: 106.33158 | I14: 22.082696
A15: 9 | C15: 25021650 | D15: YUCAL EL [25021650] | E15: 9.5573889 | F15: -73.876194 | G15: 43 | H15: 101.80571 | I15: 28.160192
A16: 10 | C16: 25025250 | D16: CHIRIGUANA [25025250] | E16: 9.3610278 | F16: -73.593389 | G16: 32 | H16: 108.04098 | I16: 39.029992
A17: 11 | C17: 28010070 | D17: VILLA MARLENE [28010070] | E17: 10.1855 | F17: -73.467111 | G17: 78 | H17: 72.694872 | I17: 38.58688
A18: 12 | C18: 28020080 | D18: PLAYAS LAS HACIENDA [28020080] | E18: 9.8480833 | F18: -73.462194 | G18: 58 | H18: 100.62051 | I18: 43.153649
A19: 13 | C19: 28020150 | D19: ESPERANZA LA HACIENDA [28020150] | E19: 10.029972 | F19: -73.668833 | G19: 83 | H19: 72.206197 | I19: 35.663791
... A32: 26 | C32: 28040350 | D32: PASO EL [28040350] | E32: 9.6569722 | F32: -73.743694 | G32: 34 | H32: 112.25768 | I32: 74.019251
A33: 27 | B33: Estación virtual | C33: Virtual1 | D33: Virtual 1 | E33: 10.064161 | F33: -72.937769 | G33: 2871 | H33: =$M$42 -> 95.90906 | I33: =P42 -> 31.791561
A34: 28 | C34: Virtual2 | D34: Virtual 2 | E34: 9.739112 | F34: -72.944279 | G34: 1323 | H34: =$M$68 -> 96.581282 | I34: =P68 -> 28.268044
A35: 29 | C35: Virtual3 | D35: Virtual 3 | E35: 9.55008 | F35: -73.027958 | G35: 595 | H35: =$M$94 -> 96.555343 | I35: =P94 -> 30.127197
A36: 30 | C36: Virtual4 | D36: Virtual 4 | E36: 9.395879 | F36: -73.196423 | G36: 2467 | H36: =$M$120 -> 101.23163 | I36: =P120 -> 33.567577
F37: Zonal Virtual >> | G37: =AVERAGE(G33:G36) -> 1814 | H37: =AVERAGE(H33:H36) -> 97.569329 | I37: =AVERAGE(I33:I36) -> 30.938595
B39: B. Matriz de distancias y relaciones
B40: Potencia de tensión, n: | D40: 7 | E40: n = 0, exluye la distancia de la ponderación. Valores recomendados entre 0.5 y 5, generalmente se usa 2 para disminuir la desviación estándar estimada.
B41: Estación virtual a completar | C41: Latitud, ° | D41: Longitud, ° | E41: Estación testigo | F41: Latitud, ° | G41: Longitud, ° | H41: d, distancia ° | I41: 1/dn, inverso de la distancia | J41: ∑ 1/dn | K41: PMax24h / dn | L41: ∑ PMax24h / dn | M41: Relación PMax24h | N41: PMaxDesvStd / dn | O41: ∑ PMaxDesvStd / dn | P41: Relación PMaxDesvStd
B42: =C33 -> Virtual1 | C42: =E33 -> 10.064161 | D42: =F33 -> -72.937769 | E42: =C7 -> 25020230 | F42: =E7 -> 9.5621667 | G42: =F7 -> -73.339472 | H42: =((ABS($C$42-F42)^2)+(ABS($D$42-G42)^2))^0.5 -> 0.64293373 | I42: =1/H42^$D$40 -> 22.020973 | J42: =SUM(I42:I67) -> 56101.833 | K42: =H7/H42^$D$40 -> 2329.8344 | L42: =SUM(K42:K67) -> 5380674.1 | M42: =L42/J42 -> 95.90906 | N42: =I7/H42^$D$40 -> 852.81646 | O42: =SUM(N42:N67) -> 1783564.8 | P42: =O42/J42 -> 31.791561
E43: =C8 -> 25020240 | F43: =E8 -> 9.4104722 | G43: =F8 -> -73.890417 | H43: =((ABS($C$42-F43)^2)+(ABS($D$42-G43)^2))^0.5 -> 1.1553556 | I43: =1/H43^$D$40 -> 0.36390686 | K43: =H8/H43^$D$40 -> 38.172896 | N43: =I8/H43^$D$40 -> 10.183848
E44: =C9 -> 25020250 | F44: =E9 -> 9.1971944 | G44: =F9 -> -73.541944 | H44: =((ABS($C$42-F44)^2)+(ABS($D$42-G44)^2))^0.5 -> 1.0567209 | I44: =1/H44^$D$40 -> 0.67963861 | K44: =H9/H44^$D$40 -> 73.80481 | N44: =I9/H44^$D$40 -> 18.562149
E45: =C10 -> 25020260 | F45: =E10 -> 9.3970278 | G45: =F10 -> -73.488028 | H45: =((ABS($C$42-F45)^2)+(ABS($D$42-G45)^2))^0.5 -> 0.86478405 | I45: =1/H45^$D$40 -> 2.764689 | K45: =H10/H45^$D$40 -> 295.53817 | N45: =I10/H45^$D$40 -> 88.152985
E46: =C11 -> 25020280 | F46: =E11 -> 9.6065278 | G46: =F11 -> -73.611972 | H46: =((ABS($C$42-F46)^2)+(ABS($D$42-G46)^2))^0.5 -> 0.81484854 | I46: =1/H46^$D$40 -> 4.1923907 | K46: =H11/H46^$D$40 -> 457.25008 | N46: =I11/H46^$D$40 -> 152.64743
E47: =C12 -> 25020690 | F47: =E12 -> 9.4232778 | G47: =F12 -> -73.410944 | H47: =((ABS($C$42-F47)^2)+(ABS($D$42-G47)^2))^0.5 -> 0.79663436 | I47: =1/H47^$D$40 -> 4.9111903 | K47: =H12/H47^$D$40 -> 477.64474 | N47: =I12/H47^$D$40 -> 134.96826
E48: =C13 -> 25020920 | F48: =E13 -> 9.2166667 | G48: =F13 -> -73.416667 | H48: =((ABS($C$42-F48)^2)+(ABS($D$42-G48)^2))^0.5 -> 0.97344215 | I48: =1/H48^$D$40 -> 1.2073383 | K48: =H13/H48^$D$40 -> 121.82378 | N48: =I13/H48^$D$40 -> 58.833201
E49: =C14 -> 25021240 | F49: =E14 -> 9.2600833 | G49: =F14 -> -73.809861 | H49: =((ABS($C$42-F49)^2)+(ABS($D$42-G49)^2))^0.5 -> 1.1862064 | I49: =1/H49^$D$40 -> 0.3026065 | K49: =H14/H49^$D$40 -> 32.176627 | N49: =I14/H49^$D$40 -> 6.6823673
E50: =C15 -> 25021650 | F50: =E15 -> 9.5573889 | G50: =F15 -> -73.876194 | H50: =((ABS($C$42-F50)^2)+(ABS($D$42-G50)^2))^0.5 -> 1.0665178 | I50: =1/H50^$D$40 -> 0.63712282 | K50: =H15/H50^$D$40 -> 64.862744 | N50: =I15/H50^$D$40 -> 17.941501
E51: =C16 -> 25025250 | F51: =E16 -> 9.3610278 | G51: =F16 -> -73.593389 | H51: =((ABS($C$42-F51)^2)+(ABS($D$42-G51)^2))^0.5 -> 0.96137078 | I51: =1/H51^$D$40 -> 1.3175393 | K51: =H16/H51^$D$40 -> 142.34825 | N51: =I16/H51^$D$40 -> 51.423549
E52: =C17 -> 28010070 | F52: =E17 -> 10.1855 | G52: =F17 -> -73.467111 | H52: =((ABS($C$42-F52)^2)+(ABS($D$42-G52)^2))^0.5 -> 0.5430711 | I52: =1/H52^$D$40 -> 71.779948 | K52: =H17/H52^$D$40 -> 5218.0341 | N52: =I17/H52^$D$40 -> 2769.7643
E53: =C18 -> 28020080 | F53: =E18 -> 9.8480833 | G53: =F18 -> -73.462194 | H53: =((ABS($C$42-F53)^2)+(ABS($D$42-G53)^2))^0.5 -> 0.56719626 | I53: =1/H53^$D$40 -> 52.950062 | K53: =H18/H53^$D$40 -> 5327.8624 | N53: =I18/H53^$D$40 -> 2284.9884
E54: =C19 -> 28020150 | F54: =E19 -> 10.029972 | G54: =F19 -> -73.668833 | H54: =((ABS($C$42-F54)^2)+(ABS($D$42-G54)^2))^0.5 -> 0.73186333 | I54: =1/H54^$D$40 -> 8.8918086 | K54: =H19/H54^$D$40 -> 642.04368 | N54: =I19/H54^$D$40 -> 317.1156
... E67: =C32 -> 28040350 | F67: =E32 -> 9.6569722 | G67: =F32 -> -73.743694 | H67: =((ABS($C$42-F67)^2)+(ABS($D$42-G67)^2))^0.5 -> 0.9029499 | I67: =1/H67^$D$40 -> 2.0434049 | K67: =H32/H67^$D$40 -> 229.38789 | N67: =I32/H67^$D$40 -> 151.2513
B68: =C34 -> Virtual2 | C68: =E34 -> 9.739112 | D68: =F34 -> -72.944279 | E68: =C7 -> 25020230 | F68: =E7 -> 9.5621667 | G68: =F7 -> -73.339472 | H68: =((ABS($C$68-F68)^2)+(ABS($D$68-G68)^2))^0.5 -> 0.43299807 | I68: =1/H68^$D$40 -> 350.42756 | J68: =SUM(I68:I93) -> 11008.611 | K68: =H7/H68^$D$40 -> 37075.481 | L68: =SUM(K68:K93) -> 1063225.7 | M68: =L68/J68 -> 96.581282 | N68: =I7/H68^$D$40 -> 13571.171 | O68: =SUM(N68:N93) -> 311191.9 | P68: =O68/J68 -> 28.268044
E69: =C8 -> 25020240 | F69: =E8 -> 9.4104722 | G69: =F8 -> -73.890417 | H69: =((ABS($C$68-F69)^2)+(ABS($D$68-G69)^2))^0.5 -> 1.001589 | I69: =1/H69^$D$40 -> 0.98894712 | K69: =H8/H69^$D$40 -> 103.73802 | N69: =I8/H69^$D$40 -> 27.675453
E70: =C9 -> 25020250 | F70: =E9 -> 9.1971944 | G70: =F9 -> -73.541944 | H70: =((ABS($C$68-F70)^2)+(ABS($D$68-G70)^2))^0.5 -> 0.80677049 | I70: =1/H70^$D$40 -> 4.49521 | K70: =H9/H70^$D$40 -> 488.15373 | N70: =I9/H70^$D$40 -> 122.77225
E71: =C10 -> 25020260 | F71: =E10 -> 9.3970278 | G71: =F10 -> -73.488028 | H71: =((ABS($C$68-F71)^2)+(ABS($D$68-G71)^2))^0.5 -> 0.64240513 | I71: =1/H71^$D$40 -> 22.148127 | K71: =H10/H71^$D$40 -> 2367.578 | N71: =I10/H71^$D$40 -> 706.20003
E72: =C11 -> 25020280 | F72: =E11 -> 9.6065278 | G72: =F11 -> -73.611972 | H72: =((ABS($C$68-F72)^2)+(ABS($D$68-G72)^2))^0.5 -> 0.68072962 | I72: =1/H72^$D$40 -> 14.763097 | K72: =H11/H72^$D$40 -> 1610.1618 | N72: =I11/H72^$D$40 -> 537.53311
E73: =C12 -> 25020690 | F73: =E12 -> 9.4232778 | G73: =F12 -> -73.410944 | H73: =((ABS($C$68-F73)^2)+(ABS($D$68-G73)^2))^0.5 -> 0.56349613 | I73: =1/H73^$D$40 -> 55.432368 | K73: =H12/H73^$D$40 -> 5391.1532 | N73: =I12/H73^$D$40 -> 1523.3802
E74: =C13 -> 25020920 | F74: =E13 -> 9.2166667 | G74: =F13 -> -73.416667 | H74: =((ABS($C$68-F74)^2)+(ABS($D$68-G74)^2))^0.5 -> 0.70434312 | I74: =1/H74^$D$40 -> 11.628134 | K74: =H13/H74^$D$40 -> 1173.3111 | N74: =I13/H74^$D$40 -> 566.63521
E75: =C14 -> 25021240 | F75: =E14 -> 9.2600833 | G75: =F14 -> -73.809861 | H75: =((ABS($C$68-F75)^2)+(ABS($D$68-G75)^2))^0.5 -> 0.98929311 | I75: =1/H75^$D$40 -> 1.078264 | K75: =H14/H75^$D$40 -> 114.65352 | N75: =I14/H75^$D$40 -> 23.810977
E76: =C15 -> 25021650 | F76: =E15 -> 9.5573889 | G76: =F15 -> -73.876194 | H76: =((ABS($C$68-F76)^2)+(ABS($D$68-G76)^2))^0.5 -> 0.9494681 | I76: =1/H76^$D$40 -> 1.4375976 | K76: =H15/H76^$D$40 -> 146.35565 | N76: =I15/H76^$D$40 -> 40.483026
E77: =C16 -> 25025250 | F77: =E16 -> 9.3610278 | G77: =F16 -> -73.593389 | H77: =((ABS($C$68-F77)^2)+(ABS($D$68-G77)^2))^0.5 -> 0.75119327 | I77: =1/H77^$D$40 -> 7.4086347 | K77: =H16/H77^$D$40 -> 800.43618 | N77: =I16/H77^$D$40 -> 289.15895
E78: =C17 -> 28010070 | F78: =E17 -> 10.1855 | G78: =F17 -> -73.467111 | H78: =((ABS($C$68-F78)^2)+(ABS($D$68-G78)^2))^0.5 -> 0.68747048 | I78: =1/H78^$D$40 -> 13.779124 | K78: =H17/H78^$D$40 -> 1001.6717 | N78: =I17/H78^$D$40 -> 531.69342
E79: =C18 -> 28020080 | F79: =E18 -> 9.8480833 | G79: =F18 -> -73.462194 | H79: =((ABS($C$68-F79)^2)+(ABS($D$68-G79)^2))^0.5 -> 0.52925528 | I79: =1/H79^$D$40 -> 85.969339 | K79: =H18/H79^$D$40 -> 8650.279 | N79: =I18/H79^$D$40 -> 3709.8907
E80: =C19 -> 28020150 | F80: =E19 -> 10.029972 | G80: =F19 -> -73.668833 | H80: =((ABS($C$68-F80)^2)+(ABS($D$68-G80)^2))^0.5 -> 0.78075518 | I80: =1/H80^$D$40 -> 5.654522 | K80: =H19/H80^$D$40 -> 408.29153 | N80: =I19/H80^$D$40 -> 201.66169
... E93: =C32 -> 28040350 | F93: =E32 -> 9.6569722 | G93: =F32 -> -73.743694 | H93: =((ABS($C$68-F93)^2)+(ABS($D$68-G93)^2))^0.5 -> 0.80362428 | I93: =1/H93^$D$40 -> 4.6198581 | K93: =H32/H93^$D$40 -> 518.61456 | N93: =I32/H93^$D$40 -> 341.95844
B94: =C35 -> Virtual3 | C94: =E35 -> 9.55008 | D94: =F35 -> -73.027958 | E94: =C7 -> 25020230 | F94: =E7 -> 9.5621667 | G94: =F7 -> -73.339472 | H94: =((ABS($C$94-F94)^2)+(ABS($D$94-G94)^2))^0.5 -> 0.31174861 | I94: =1/H94^$D$40 -> 3494.3653 | J94: =SUM(I94:I119) -> 23899.489 | K94: =H7/H94^$D$40 -> 369706.3 | L94: =SUM(K94:K119) -> 2307623.4 | M94: =L94/J94 -> 96.555343 | N94: =I7/H94^$D$40 -> 135327.91 | O94: =SUM(N94:N119) -> 720024.62 | P94: =O94/J94 -> 30.127197
E95: =C8 -> 25020240 | F95: =E8 -> 9.4104722 | G95: =F8 -> -73.890417 | H95: =((ABS($C$94-F95)^2)+(ABS($D$94-G95)^2))^0.5 -> 0.87368489 | I95: =1/H95^$D$40 -> 2.5734529 | K95: =H8/H95^$D$40 -> 269.94861 | N95: =I8/H95^$D$40 -> 72.017475
E96: =C9 -> 25020250 | F96: =E9 -> 9.1971944 | G96: =F9 -> -73.541944 | H96: =((ABS($C$94-F96)^2)+(ABS($D$94-G96)^2))^0.5 -> 0.62346634 | I96: =1/H96^$D$40 -> 27.309197 | K96: =H9/H96^$D$40 -> 2965.6203 | N96: =I9/H96^$D$40 -> 745.86314
E97: =C10 -> 25020260 | F97: =E10 -> 9.3970278 | G97: =F10 -> -73.488028 | H97: =((ABS($C$94-F97)^2)+(ABS($D$94-G97)^2))^0.5 -> 0.48485996 | I97: =1/H97^$D$40 -> 158.73976 | K97: =H10/H97^$D$40 -> 16968.873 | N97: =I10/H97^$D$40 -> 5061.4675
E98: =C11 -> 25020280 | F98: =E11 -> 9.6065278 | G98: =F11 -> -73.611972 | H98: =((ABS($C$94-F98)^2)+(ABS($D$94-G98)^2))^0.5 -> 0.58673585 | I98: =1/H98^$D$40 -> 41.773572 | K98: =H11/H98^$D$40 -> 4556.1043 | N98: =I11/H98^$D$40 -> 1521.0005
E99: =C12 -> 25020690 | F99: =E12 -> 9.4232778 | G99: =F12 -> -73.410944 | H99: =((ABS($C$94-F99)^2)+(ABS($D$94-G99)^2))^0.5 -> 0.40343205 | I99: =1/H99^$D$40 -> 574.91977 | K99: =H12/H99^$D$40 -> 55914.633 | N99: =I12/H99^$D$40 -> 15799.819
E100: =C13 -> 25020920 | F100: =E13 -> 9.2166667 | G100: =F13 -> -73.416667 | H100: =((ABS($C$94-F100)^2)+(ABS($D$94-G100)^2))^0.5 -> 0.51211218 | I100: =1/H100^$D$40 -> 108.25408 | K100: =H13/H100^$D$40 -> 10923.138 | N100: =I13/H100^$D$40 -> 5275.1863
E101: =C14 -> 25021240 | F101: =E14 -> 9.2600833 | G101: =F14 -> -73.809861 | H101: =((ABS($C$94-F101)^2)+(ABS($D$94-G101)^2))^0.5 -> 0.83394876 | I101: =1/H101^$D$40 -> 3.5647117 | K101: =H14/H101^$D$40 -> 379.04143 | N101: =I14/H101^$D$40 -> 78.718446
E102: =C15 -> 25021650 | F102: =E15 -> 9.5573889 | G102: =F15 -> -73.876194 | H102: =((ABS($C$94-F102)^2)+(ABS($D$94-G102)^2))^0.5 -> 0.84826793 | I102: =1/H102^$D$40 -> 3.1642346 | K102: =H15/H102^$D$40 -> 322.13716 | N102: =I15/H102^$D$40 -> 89.105454
E103: =C16 -> 25025250 | F103: =E16 -> 9.3610278 | G103: =F16 -> -73.593389 | H103: =((ABS($C$94-F103)^2)+(ABS($D$94-G103)^2))^0.5 -> 0.59619865 | I103: =1/H103^$D$40 -> 37.347632 | K103: =H16/H103^$D$40 -> 4035.0748 | N103: =I16/H103^$D$40 -> 1457.6778
E104: =C17 -> 28010070 | F104: =E17 -> 10.1855 | G104: =F17 -> -73.467111 | H104: =((ABS($C$94-F104)^2)+(ABS($D$94-G104)^2))^0.5 -> 0.77240794 | I104: =1/H104^$D$40 -> 6.096392 | K104: =H17/H104^$D$40 -> 443.17643 | N104: =I17/H104^$D$40 -> 235.24075
E105: =C18 -> 28020080 | F105: =E18 -> 9.8480833 | G105: =F18 -> -73.462194 | H105: =((ABS($C$94-F105)^2)+(ABS($D$94-G105)^2))^0.5 -> 0.52665669 | I105: =1/H105^$D$40 -> 88.982939 | K105: =H18/H105^$D$40 -> 8953.5089 | N105: =I18/H105^$D$40 -> 3839.9386
E106: =C19 -> 28020150 | F106: =E19 -> 10.029972 | G106: =F19 -> -73.668833 | H106: =((ABS($C$94-F106)^2)+(ABS($D$94-G106)^2))^0.5 -> 0.80063583 | I106: =1/H106^$D$40 -> 4.7419268 | K106: =H19/H106^$D$40 -> 342.3965 | N106: =I19/H106^$D$40 -> 169.11509
... E119: =C32 -> 28040350 | F119: =E32 -> 9.6569722 | G119: =F32 -> -73.743694 | H119: =((ABS($C$94-F119)^2)+(ABS($D$94-G119)^2))^0.5 -> 0.72367437 | I119: =1/H119^$D$40 -> 9.6205 | K119: =H32/H119^$D$40 -> 1079.975 | N119: =I32/H119^$D$40 -> 712.1022
B120: =C36 -> Virtual4 | C120: =E36 -> 9.395879 | D120: =F36 -> -73.196423 | E120: =C7 -> 25020230 | F120: =E7 -> 9.5621667 | G120: =F7 -> -73.339472 | H120: =((ABS($C$120-F120)^2)+(ABS($D$120-G120)^2))^0.5 -> 0.21935056 | I120: =1/H120^$D$40 -> 40928.779 | J120: =SUM(I120:I145) -> 107409.83 | K120: =H7/H120^$D$40 -> 4330293.5 | L120: =SUM(K120:K145) -> 10873272 | M120: =L120/J120 -> 101.23163 | N120: =I7/H120^$D$40 -> 1585067.8 | O120: =SUM(N120:N145) -> 3605487.7 | P120: =O120/J120 -> 33.567577
E121: =C8 -> 25020240 | F121: =E8 -> 9.4104722 | G121: =F8 -> -73.890417 | H121: =((ABS($C$120-F121)^2)+(ABS($D$120-G121)^2))^0.5 -> 0.69414709 | I121: =1/H121^$D$40 -> 12.877735 | K121: =H8/H121^$D$40 -> 1350.8413 | N121: =I8/H121^$D$40 -> 360.38038
E122: =C9 -> 25020250 | F122: =E9 -> 9.1971944 | G122: =F9 -> -73.541944 | H122: =((ABS($C$120-F122)^2)+(ABS($D$120-G122)^2))^0.5 -> 0.39857323 | I122: =1/H122^$D$40 -> 625.81091 | K122: =H9/H122^$D$40 -> 67959.434 | N122: =I9/H122^$D$40 -> 17092.018
E123: =C10 -> 25020260 | F123: =E10 -> 9.3970278 | G123: =F10 -> -73.488028 | H123: =((ABS($C$120-F123)^2)+(ABS($D$120-G123)^2))^0.5 -> 0.29160704 | I123: =1/H123^$D$40 -> 5577.1707 | K123: =H10/H123^$D$40 -> 596185.25 | N123: =I10/H123^$D$40 -> 177829.85
E124: =C11 -> 25020280 | F124: =E11 -> 9.6065278 | G124: =F11 -> -73.611972 | H124: =((ABS($C$120-F124)^2)+(ABS($D$120-G124)^2))^0.5 -> 0.46589061 | I124: =1/H124^$D$40 -> 209.89993 | K124: =H11/H124^$D$40 -> 22893.085 | N124: =I11/H124^$D$40 -> 7642.5807
E125: =C12 -> 25020690 | F125: =E12 -> 9.4232778 | G125: =F12 -> -73.410944 | H125: =((ABS($C$120-F125)^2)+(ABS($D$120-G125)^2))^0.5 -> 0.21626405 | I125: =1/H125^$D$40 -> 45197.001 | K125: =H12/H125^$D$40 -> 4395698 | N125: =I12/H125^$D$40 -> 1242094.1
E126: =C13 -> 25020920 | F126: =E13 -> 9.2166667 | G126: =F13 -> -73.416667 | H126: =((ABS($C$120-F126)^2)+(ABS($D$120-G126)^2))^0.5 -> 0.28394425 | I126: =1/H126^$D$40 -> 6719.988 | K126: =H13/H126^$D$40 -> 678065.46 | N126: =I13/H126^$D$40 -> 327462.83
E127: =C14 -> 25021240 | F127: =E14 -> 9.2600833 | G127: =F14 -> -73.809861 | H127: =((ABS($C$120-F127)^2)+(ABS($D$120-G127)^2))^0.5 -> 0.62828877 | I127: =1/H127^$D$40 -> 25.875272 | K127: =H14/H127^$D$40 -> 2751.3585 | N127: =I14/H127^$D$40 -> 571.39576
E128: =C15 -> 25021650 | F128: =E15 -> 9.5573889 | G128: =F15 -> -73.876194 | H128: =((ABS($C$120-F128)^2)+(ABS($D$120-G128)^2))^0.5 -> 0.69869497 | I128: =1/H128^$D$40 -> 12.302311 | K128: =H15/H128^$D$40 -> 1252.4456 | N128: =I15/H128^$D$40 -> 346.43545
E129: =C16 -> 25025250 | F129: =E16 -> 9.3610278 | G129: =F16 -> -73.593389 | H129: =((ABS($C$120-F129)^2)+(ABS($D$120-G129)^2))^0.5 -> 0.39849282 | I129: =1/H129^$D$40 -> 626.69541 | K129: =H16/H129^$D$40 -> 67708.789 | N129: =I16/H129^$D$40 -> 24459.917
E130: =C17 -> 28010070 | F130: =E17 -> 10.1855 | G130: =F17 -> -73.467111 | H130: =((ABS($C$120-F130)^2)+(ABS($D$120-G130)^2))^0.5 -> 0.83472952 | I130: =1/H130^$D$40 -> 3.5414375 | K130: =H17/H130^$D$40 -> 257.44435 | N130: =I17/H130^$D$40 -> 136.65303
E131: =C18 -> 28020080 | F131: =E18 -> 9.8480833 | G131: =F18 -> -73.462194 | H131: =((ABS($C$120-F131)^2)+(ABS($D$120-G131)^2))^0.5 -> 0.52452189 | I131: =1/H131^$D$40 -> 91.549222 | K131: =H18/H131^$D$40 -> 9211.7296 | N131: =I18/H131^$D$40 -> 3950.683
E132: =C19 -> 28020150 | F132: =E19 -> 10.029972 | G132: =F19 -> -73.668833 | H132: =((ABS($C$120-F132)^2)+(ABS($D$120-G132)^2))^0.5 -> 0.79072481 | I132: =1/H132^$D$40 -> 5.1739524 | K132: =H19/H132^$D$40 -> 373.59142 | N132: =I19/H132^$D$40 -> 184.52275
... E145: =C32 -> 28040350 | F145: =E32 -> 9.6569722 | G145: =F32 -> -73.743694 | H145: =((ABS($C$120-F145)^2)+(ABS($D$120-G145)^2))^0.5 -> 0.60636268 | I145: =1/H145^$D$40 -> 33.179723 | K145: =H32/H145^$D$40 -> 3724.6787 | N145: =I32/H145^$D$40 -> 2455.9382
B146: Latitud y longitud en grados decimales proyectados en sistema WGS 1984.

Sheet Metodo2
B2: Método 2: estimación de la precipitación máxima en estaciones virtuales a partir de la relación entre la precipitación máxima, la precipitación media y el valor inverso de la distancia
B3: (Máximos obtenidos del análisis realizado previamente y almacenado en el archivo ..\HIDG\Tablas\PMax24h_v0.xls)
B5: A. Estaciones | F5: Zonal Real >> | G5: =AVERAGE(G7:G32) -> 136.92308 | H5: =AVERAGE(H7:H32) -> 97.615969 | I5: =AVERAGE(I7:I32) -> 33.053471 | J5: =AVERAGE(J7:J32) -> 1645.9647 | K5: =AVERAGE(K7:K32) -> 1444.0176 | L5: =AVERAGE(L7:L32) -> 0.068346404 | M5: =AVERAGE(M7:M32) -> 0.023441902
B6: Tipo | C6: IdEstación | D6: Nombre | E6: Latitud, ° | F6: Longitud, ° | G6: Altitud, m | H6: PMax24h, mm | I6: PMaxDesvStd, mm | J6: Pmed CKCM, mm | K6: Pmed KDE, mm | L6: R, PMax24h | M6: R, PMaxDesvStd
A7: 1 | B7: Estación real | C7: 25020230 | D7: JAGUA LA [25020230] | E7: 9.5621667 | F7: -73.339472 | G7: 135 | H7: 105.8007 | I7: 38.727465 | J7: 1619.92 | K7: 1539.7109 | L7: =H7/K7 -> 0.068714652 | M7: =I7/K7 -> 0.025152426
A8: 2 | C8: 25020240 | D8: CANAL EL [25020240] | E8: 9.4104722 | F8: -73.890417 | G8: 55 | H8: 104.89744 | I8: 27.984765 | J8: 1626.6072 | K8: 1658.5162 | L8: =H8/K8 -> 0.063247759 | M8: =I8/K8 -> 0.016873374
A9: 3 | C9: 25020250 | D9: CURUMANI [25020250] | E9: 9.1971944 | F9: -73.541944 | G9: 61 | H9: 108.5942 | I9: 27.311794 | J9: 2081.5364 | K9: 1841.3989 | L9: =H9/K9 -> 0.058973749 | M9: =I9/K9 -> 0.01483209
A10: 4 | C10: 25020260 | D10: RINCONHONDO [25020260] | E10: 9.3970278 | F10: -73.488028 | G10: 64 | H10: 106.89744 | I10: 31.885317 | J10: 1915.1008 | K10: 1783.049 | L10: =H10/K10 -> 0.059952048 | M10: =I10/K10 -> 0.017882468
A11: 5 | C11: 25020280 | D11: LOMA LA [25020280] | E11: 9.6065278 | F11: -73.611972 | G11: 42 | H11: 109.06667 | I11: 36.410592 | J11: 1675.7328 | K11: 1375.6261 | L11: =H11/K11 -> 0.07928511 | M11: =I11/K11 -> 0.026468378
A12: 6 | C12: 25020690 | D12: POPONTE [25020690] | E12: 9.4232778 | F12: -73.410944 | G12: 91 | H12: 97.25641 | I12: 27.481781 | J12: 1823.3492 | K12: 1766.8431 | L12: =H12/K12 -> 0.0550453 | M12: =I12/K12 -> 0.015554172
A13: 7 | C13: 25020920 | D13: PRIMAVERA LA [25020920] | E13: 9.2166667 | F13: -73.416667 | G13: 1268 | H13: 100.90278 | I13: 48.729675 | J13: 1681.7874 | K13: 1487.2303 | L13: =H13/K13 -> 0.067846099 | M13: =I13/K13 -> 0.032765385
A14: 8 | C14: 25021240 | D14: CHIMICHAGUA [25021240] | E14: 9.2600833 | F14: -73.809861 | G14: 33 | H14: 106.33158 | I14: 22.082696 | J14: 1831.9044 | K14: 1680.5377 | L14: =H14/K14 -> 0.063272355 | M14: =I14/K14 -> 0.013140256
A15: 9 | C15: 25021650 | D15: YUCAL EL [25021650] | E15: 9.5573889 | F15: -73.876194 | G15: 43 | H15: 101.80571 | I15: 28.160192 | J15: 1473.9426 | K15: 1523.7444 | L15: =H15/K15 -> 0.066812856 | M15: =I15/K15 -> 0.018480916
A16: 10 | C16: 25025250 | D16: CHIRIGUANA [25025250] | E16: 9.3610278 | F16: -73.593389 | G16: 32 | H16: 108.04098 | I16: 39.029992 | J16: 1903.2529 | K16: 1829.2357 | L16: =H16/K16 -> 0.059063456 | M16: =I16/K16 -> 0.021336775
A17: 11 | C17: 28010070 | D17: VILLA MARLENE [28010070] | E17: 10.1855 | F17: -73.467111 | G17: 78 | H17: 72.694872 | I17: 38.58688 | J17: 1522.314 | K17: 1384.5342 | L17: =H17/K17 -> 0.052504931 | M17: =I17/K17 -> 0.027869937
A18: 12 | C18: 28020080 | D18: PLAYAS LAS HACIENDA [28020080] | E18: 9.8480833 | F18: -73.462194 | G18: 58 | H18: 100.62051 | I18: 43.153649 | J18: 1333.0487 | K18: 1185.1753 | L18: =H18/K18 -> 0.084899266 | M18: =I18/K18 -> 0.036411196
A19: 13 | C19: 28020150 | D19: ESPERANZA LA HACIENDA [28020150] | E19: 10.029972 | F19: -73.668833 | G19: 83 | H19: 72.206197 | I19: 35.663791 | J19: 1239.9448 | K19: 1088.6627 | L19: =H19/K19 -> 0.066325589 | M19: =I19/K19 -> 0.032759265
... A32: 26 | C32: 28040350 | D32: PASO EL [28040350] | E32: 9.6569722 | F32: -73.743694 | G32: 34 | H32: 112.25768 | I32: 74.019251 | J32: 1448.6624 | K32: 1359.0289 | L32: =H32/K32 -> 0.082601391 | M32: =I32/K32 -> 0.054464809
A33: 27 | B33: Estación virtual | C33: Virtual1 | D33: Virtual 1 | E33: 10.064161 | F33: -72.937769 | G33: 2871 | H33: =K33*$M$42 -> 86.669481 | I33: =K33*P42 -> 28.819288 | J33: 1653.0728 | K33: 1247.8606 | L33: No requerida | M33: No requerida
A34: 28 | C34: Virtual2 | D34: Virtual 2 | E34: 9.739112 | F34: -72.944279 | G34: 1323 | H34: =K34*$M$68 -> 116.88997 | I34: =K34*P68 -> 39.003435 | J34: 2357.9204 | K34: 1692.7278
A35: 29 | C35: Virtual3 | D35: Virtual 3 | E35: 9.55008 | F35: -73.027958 | G35: 595 | H35: =K35*$M$94 -> 129.63112 | I35: =K35*P94 -> 43.697485 | J35: 3171.7471 | K35: 1892.2783
A36: 30 | C36: Virtual4 | D36: Virtual 4 | E36: 9.395879 | F36: -73.196423 | G36: 2467 | H36: =K36*$M$120 -> 111.13931 | I36: =K36*P120 -> 37.937478 | J36: 2240.1467 | K36: 1647.4474
F37: Zonal Virtual >> | G37: =AVERAGE(G33:G36) -> 1814 | H37: =AVERAGE(H33:H36) -> 111.08247 | I37: =AVERAGE(I33:I36) -> 37.364421 | J37: =AVERAGE(J33:J36) -> 2355.7217 | K37: =AVERAGE(K33:K36) -> 1620.0785
B39: B. Matriz de distancias y relaciones
B40: Potencia de tensión, n: | D40: 1 | E40: n = 0, exluye la distancia de la ponderación. Valores recomendados entre 0.5 y 5, generalmente se usa 2 para disminuir la desviación estándar estimada.
B41: Estación virtual a completar | C41: Latitud, ° | D41: Longitud, ° | E41: Estación testigo | F41: Latitud, ° | G41: Longitud, ° | H41: d, distancia ° | I41: 1/dn, inverso de la distancia | J41: ∑ 1/dn | K41: R / dn, PMax24h | L41: ∑ R/dn, PMax24h | M41: Relación PMax24h | N41: R / dn, PMaxDesvStd | O41: ∑ R/dn, PMaxDesvStd | P41: Relación PMaxDesvStd
B42: =C33 -> Virtual1 | C42: =E33 -> 10.064161 | D42: =F33 -> -72.937769 | E42: =C7 -> 25020230 | F42: =E7 -> 9.5621667 | G42: =F7 -> -73.339472 | H42: =((ABS($C$42-F42)^2)+(ABS($D$42-G42)^2))^0.5 -> 0.64293373 | I42: =1/H42^$D$40 -> 1.5553702 | J42: =SUM(I42:I67) -> 45.120639 | K42: =L7/H42^$D$40 -> 0.10687672 | L42: =SUM(K42:K67) -> 3.1338295 | M42: =L42/J42 -> 0.069454458 | N42: =M7/H42^$D$40 -> 0.039121334 | O42: =SUM(N42:N67) -> 1.0420593 | P42: =O42/J42 -> 0.023094958
E43: =C8 -> 25020240 | F43: =E8 -> 9.4104722 | G43: =F8 -> -73.890417 | H43: =((ABS($C$42-F43)^2)+(ABS($D$42-G43)^2))^0.5 -> 1.1553556 | I43: =1/H43^$D$40 -> 0.86553437 | K43: =L8/H43^$D$40 -> 0.05474311 | N43: =M8/H43^$D$40 -> 0.014604486
E44: =C9 -> 25020250 | F44: =E9 -> 9.1971944 | G44: =F9 -> -73.541944 | H44: =((ABS($C$42-F44)^2)+(ABS($D$42-G44)^2))^0.5 -> 1.0567209 | I44: =1/H44^$D$40 -> 0.94632371 | K44: =L9/H44^$D$40 -> 0.055808257 | N44: =M9/H44^$D$40 -> 0.014035958
E45: =C10 -> 25020260 | F45: =E10 -> 9.3970278 | G45: =F10 -> -73.488028 | H45: =((ABS($C$42-F45)^2)+(ABS($D$42-G45)^2))^0.5 -> 0.86478405 | I45: =1/H45^$D$40 -> 1.156358 | K45: =L10/H45^$D$40 -> 0.069326033 | N45: =M10/H45^$D$40 -> 0.020678536
E46: =C11 -> 25020280 | F46: =E11 -> 9.6065278 | G46: =F11 -> -73.611972 | H46: =((ABS($C$42-F46)^2)+(ABS($D$42-G46)^2))^0.5 -> 0.81484854 | I46: =1/H46^$D$40 -> 1.2272219 | K46: =L11/H46^$D$40 -> 0.097300426 | N46: =M11/H46^$D$40 -> 0.032482574
E47: =C12 -> 25020690 | F47: =E12 -> 9.4232778 | G47: =F12 -> -73.410944 | H47: =((ABS($C$42-F47)^2)+(ABS($D$42-G47)^2))^0.5 -> 0.79663436 | I47: =1/H47^$D$40 -> 1.255281 | K47: =L12/H47^$D$40 -> 0.069097321 | N47: =M12/H47^$D$40 -> 0.019524857
E48: =C13 -> 25020920 | F48: =E13 -> 9.2166667 | G48: =F13 -> -73.416667 | H48: =((ABS($C$42-F48)^2)+(ABS($D$42-G48)^2))^0.5 -> 0.97344215 | I48: =1/H48^$D$40 -> 1.0272824 | K48: =L13/H48^$D$40 -> 0.069697104 | N48: =M13/H48^$D$40 -> 0.033659304
E49: =C14 -> 25021240 | F49: =E14 -> 9.2600833 | G49: =F14 -> -73.809861 | H49: =((ABS($C$42-F49)^2)+(ABS($D$42-G49)^2))^0.5 -> 1.1862064 | I49: =1/H49^$D$40 -> 0.84302363 | K49: =L14/H49^$D$40 -> 0.05334009 | N49: =M14/H49^$D$40 -> 0.011077546
E50: =C15 -> 25021650 | F50: =E15 -> 9.5573889 | G50: =F15 -> -73.876194 | H50: =((ABS($C$42-F50)^2)+(ABS($D$42-G50)^2))^0.5 -> 1.0665178 | I50: =1/H50^$D$40 -> 0.93763083 | K50: =L15/H50^$D$40 -> 0.062645794 | N50: =M15/H50^$D$40 -> 0.017328277
E51: =C16 -> 25025250 | F51: =E16 -> 9.3610278 | G51: =F16 -> -73.593389 | H51: =((ABS($C$42-F51)^2)+(ABS($D$42-G51)^2))^0.5 -> 0.96137078 | I51: =1/H51^$D$40 -> 1.0401814 | K51: =L16/H51^$D$40 -> 0.061436709 | N51: =M16/H51^$D$40 -> 0.022194117
E52: =C17 -> 28010070 | F52: =E17 -> 10.1855 | G52: =F17 -> -73.467111 | H52: =((ABS($C$42-F52)^2)+(ABS($D$42-G52)^2))^0.5 -> 0.5430711 | I52: =1/H52^$D$40 -> 1.8413795 | K52: =L17/H52^$D$40 -> 0.096681504 | N52: =M17/H52^$D$40 -> 0.051319131
E53: =C18 -> 28020080 | F53: =E18 -> 9.8480833 | G53: =F18 -> -73.462194 | H53: =((ABS($C$42-F53)^2)+(ABS($D$42-G53)^2))^0.5 -> 0.56719626 | I53: =1/H53^$D$40 -> 1.7630582 | K53: =L18/H53^$D$40 -> 0.14968234 | N53: =M18/H53^$D$40 -> 0.064195056
E54: =C19 -> 28020150 | F54: =E19 -> 10.029972 | G54: =F19 -> -73.668833 | H54: =((ABS($C$42-F54)^2)+(ABS($D$42-G54)^2))^0.5 -> 0.73186333 | I54: =1/H54^$D$40 -> 1.3663753 | K54: =L19/H54^$D$40 -> 0.09062565 | N54: =M19/H54^$D$40 -> 0.044761452
... E67: =C32 -> 28040350 | F67: =E32 -> 9.6569722 | G67: =F32 -> -73.743694 | H67: =((ABS($C$42-F67)^2)+(ABS($D$42-G67)^2))^0.5 -> 0.9029499 | I67: =1/H67^$D$40 -> 1.1074812 | K67: =L32/H67^$D$40 -> 0.091479484 | N67: =M32/H67^$D$40 -> 0.06031875
B68: =C34 -> Virtual2 | C68: =E34 -> 9.739112 | D68: =F34 -> -72.944279 | E68: =C7 -> 25020230 | F68: =E7 -> 9.5621667 | G68: =F7 -> -73.339472 | H68: =((ABS($C$68-F68)^2)+(ABS($D$68-G68)^2))^0.5 -> 0.43299807 | I68: =1/H68^$D$40 -> 2.3094791 | J68: =SUM(I68:I93) -> 46.859278 | K68: =L7/H68^$D$40 -> 0.15869505 | L68: =SUM(K68:K93) -> 3.2358301 | M68: =L68/J68 -> 0.069054205 | N68: =M7/H68^$D$40 -> 0.058089001 | O68: =SUM(N68:N93) -> 1.0797204 | P68: =O68/J68 -> 0.023041764
E69: =C8 -> 25020240 | F69: =E8 -> 9.4104722 | G69: =F8 -> -73.890417 | H69: =((ABS($C$68-F69)^2)+(ABS($D$68-G69)^2))^0.5 -> 1.001589 | I69: =1/H69^$D$40 -> 0.99841349 | K69: =L8/H69^$D$40 -> 0.063147416 | N69: =M8/H69^$D$40 -> 0.016846605
E70: =C9 -> 25020250 | F70: =E9 -> 9.1971944 | G70: =F9 -> -73.541944 | H70: =((ABS($C$68-F70)^2)+(ABS($D$68-G70)^2))^0.5 -> 0.80677049 | I70: =1/H70^$D$40 -> 1.2395099 | K70: =L9/H70^$D$40 -> 0.073098546 | N70: =M9/H70^$D$40 -> 0.018384522
E71: =C10 -> 25020260 | F71: =E10 -> 9.3970278 | G71: =F10 -> -73.488028 | H71: =((ABS($C$68-F71)^2)+(ABS($D$68-G71)^2))^0.5 -> 0.64240513 | I71: =1/H71^$D$40 -> 1.5566501 | K71: =L10/H71^$D$40 -> 0.09332436 | N71: =M10/H71^$D$40 -> 0.027836746
E72: =C11 -> 25020280 | F72: =E11 -> 9.6065278 | G72: =F11 -> -73.611972 | H72: =((ABS($C$68-F72)^2)+(ABS($D$68-G72)^2))^0.5 -> 0.68072962 | I72: =1/H72^$D$40 -> 1.469012 | K72: =L11/H72^$D$40 -> 0.11647078 | N72: =M11/H72^$D$40 -> 0.038882367
E73: =C12 -> 25020690 | F73: =E12 -> 9.4232778 | G73: =F12 -> -73.410944 | H73: =((ABS($C$68-F73)^2)+(ABS($D$68-G73)^2))^0.5 -> 0.56349613 | I73: =1/H73^$D$40 -> 1.7746351 | K73: =L12/H73^$D$40 -> 0.09768532 | N73: =M12/H73^$D$40 -> 0.027602979
E74: =C13 -> 25020920 | F74: =E13 -> 9.2166667 | G74: =F13 -> -73.416667 | H74: =((ABS($C$68-F74)^2)+(ABS($D$68-G74)^2))^0.5 -> 0.70434312 | I74: =1/H74^$D$40 -> 1.4197626 | K74: =L13/H74^$D$40 -> 0.096325352 | N74: =M13/H74^$D$40 -> 0.046519067
E75: =C14 -> 25021240 | F75: =E14 -> 9.2600833 | G75: =F14 -> -73.809861 | H75: =((ABS($C$68-F75)^2)+(ABS($D$68-G75)^2))^0.5 -> 0.98929311 | I75: =1/H75^$D$40 -> 1.0108228 | K75: =L14/H75^$D$40 -> 0.063957137 | N75: =M14/H75^$D$40 -> 0.01328247
E76: =C15 -> 25021650 | F76: =E15 -> 9.5573889 | G76: =F15 -> -73.876194 | H76: =((ABS($C$68-F76)^2)+(ABS($D$68-G76)^2))^0.5 -> 0.9494681 | I76: =1/H76^$D$40 -> 1.0532213 | K76: =L15/H76^$D$40 -> 0.070368721 | N76: =M15/H76^$D$40 -> 0.019464494
E77: =C16 -> 25025250 | F77: =E16 -> 9.3610278 | G77: =F16 -> -73.593389 | H77: =((ABS($C$68-F77)^2)+(ABS($D$68-G77)^2))^0.5 -> 0.75119327 | I77: =1/H77^$D$40 -> 1.3312153 | K77: =L16/H77^$D$40 -> 0.078626179 | N77: =M16/H77^$D$40 -> 0.028403843
E78: =C17 -> 28010070 | F78: =E17 -> 10.1855 | G78: =F17 -> -73.467111 | H78: =((ABS($C$68-F78)^2)+(ABS($D$68-G78)^2))^0.5 -> 0.68747048 | I78: =1/H78^$D$40 -> 1.4546079 | K78: =L17/H78^$D$40 -> 0.076374088 | N78: =M17/H78^$D$40 -> 0.040539831
E79: =C18 -> 28020080 | F79: =E18 -> 9.8480833 | G79: =F18 -> -73.462194 | H79: =((ABS($C$68-F79)^2)+(ABS($D$68-G79)^2))^0.5 -> 0.52925528 | I79: =1/H79^$D$40 -> 1.8894474 | K79: =L18/H79^$D$40 -> 0.1604127 | N79: =M18/H79^$D$40 -> 0.068797038
E80: =C19 -> 28020150 | F80: =E19 -> 10.029972 | G80: =F19 -> -73.668833 | H80: =((ABS($C$68-F80)^2)+(ABS($D$68-G80)^2))^0.5 -> 0.78075518 | I80: =1/H80^$D$40 -> 1.2808112 | K80: =L19/H80^$D$40 -> 0.08495056 | N80: =M19/H80^$D$40 -> 0.041958435
... E93: =C32 -> 28040350 | F93: =E32 -> 9.6569722 | G93: =F32 -> -73.743694 | H93: =((ABS($C$68-F93)^2)+(ABS($D$68-G93)^2))^0.5 -> 0.80362428 | I93: =1/H93^$D$40 -> 1.2443626 | K93: =L32/H93^$D$40 -> 0.10278608 | N93: =M32/H93^$D$40 -> 0.067773971
B94: =C35 -> Virtual3 | C94: =E35 -> 9.55008 | D94: =F35 -> -73.027958 | E94: =C7 -> 25020230 | F94: =E7 -> 9.5621667 | G94: =F7 -> -73.339472 | H94: =((ABS($C$94-F94)^2)+(ABS($D$94-G94)^2))^0.5 -> 0.31174861 | I94: =1/H94^$D$40 -> 3.2077128 | J94: =SUM(I94:I119) -> 49.347525 | K94: =L7/H94^$D$40 -> 0.22041686 | L94: =SUM(K94:K119) -> 3.3805677 | M94: =L94/J94 -> 0.068505314 | N94: =M7/H94^$D$40 -> 0.080681757 | O94: =SUM(N94:N119) -> 1.139559 | P94: =O94/J94 -> 0.023092525
E95: =C8 -> 25020240 | F95: =E8 -> 9.4104722 | G95: =F8 -> -73.890417 | H95: =((ABS($C$94-F95)^2)+(ABS($D$94-G95)^2))^0.5 -> 0.87368489 | I95: =1/H95^$D$40 -> 1.1445774 | K95: =L8/H95^$D$40 -> 0.072391957 | N95: =M8/H95^$D$40 -> 0.019312883
E96: =C9 -> 25020250 | F96: =E9 -> 9.1971944 | G96: =F9 -> -73.541944 | H96: =((ABS($C$94-F96)^2)+(ABS($D$94-G96)^2))^0.5 -> 0.62346634 | I96: =1/H96^$D$40 -> 1.6039358 | K96: =L9/H96^$D$40 -> 0.094590109 | N96: =M9/H96^$D$40 -> 0.02378972
E97: =C10 -> 25020260 | F97: =E10 -> 9.3970278 | G97: =F10 -> -73.488028 | H97: =((ABS($C$94-F97)^2)+(ABS($D$94-G97)^2))^0.5 -> 0.48485996 | I97: =1/H97^$D$40 -> 2.0624512 | K97: =L10/H97^$D$40 -> 0.12364817 | N97: =M10/H97^$D$40 -> 0.036881718
E98: =C11 -> 25020280 | F98: =E11 -> 9.6065278 | G98: =F11 -> -73.611972 | H98: =((ABS($C$94-F98)^2)+(ABS($D$94-G98)^2))^0.5 -> 0.58673585 | I98: =1/H98^$D$40 -> 1.7043445 | K98: =L11/H98^$D$40 -> 0.13512914 | N98: =M11/H98^$D$40 -> 0.045111234
E99: =C12 -> 25020690 | F99: =E12 -> 9.4232778 | G99: =F12 -> -73.410944 | H99: =((ABS($C$94-F99)^2)+(ABS($D$94-G99)^2))^0.5 -> 0.40343205 | I99: =1/H99^$D$40 -> 2.4787322 | K99: =L12/H99^$D$40 -> 0.13644256 | N99: =M12/H99^$D$40 -> 0.038554626
E100: =C13 -> 25020920 | F100: =E13 -> 9.2166667 | G100: =F13 -> -73.416667 | H100: =((ABS($C$94-F100)^2)+(ABS($D$94-G100)^2))^0.5 -> 0.51211218 | I100: =1/H100^$D$40 -> 1.9526972 | K100: =L13/H100^$D$40 -> 0.13248289 | N100: =M13/H100^$D$40 -> 0.063980875
E101: =C14 -> 25021240 | F101: =E14 -> 9.2600833 | G101: =F14 -> -73.809861 | H101: =((ABS($C$94-F101)^2)+(ABS($D$94-G101)^2))^0.5 -> 0.83394876 | I101: =1/H101^$D$40 -> 1.1991144 | K101: =L14/H101^$D$40 -> 0.075870794 | N101: =M14/H101^$D$40 -> 0.015756671
E102: =C15 -> 25021650 | F102: =E15 -> 9.5573889 | G102: =F15 -> -73.876194 | H102: =((ABS($C$94-F102)^2)+(ABS($D$94-G102)^2))^0.5 -> 0.84826793 | I102: =1/H102^$D$40 -> 1.1788728 | K102: =L15/H102^$D$40 -> 0.07876386 | N102: =M15/H102^$D$40 -> 0.02178665
E103: =C16 -> 25025250 | F103: =E16 -> 9.3610278 | G103: =F16 -> -73.593389 | H103: =((ABS($C$94-F103)^2)+(ABS($D$94-G103)^2))^0.5 -> 0.59619865 | I103: =1/H103^$D$40 -> 1.6772933 | K103: =L16/H103^$D$40 -> 0.099066739 | N103: =M16/H103^$D$40 -> 0.03578803
E104: =C17 -> 28010070 | F104: =E17 -> 10.1855 | G104: =F17 -> -73.467111 | H104: =((ABS($C$94-F104)^2)+(ABS($D$94-G104)^2))^0.5 -> 0.77240794 | I104: =1/H104^$D$40 -> 1.2946527 | K104: =L17/H104^$D$40 -> 0.067975649 | N104: =M17/H104^$D$40 -> 0.036081888
E105: =C18 -> 28020080 | F105: =E18 -> 9.8480833 | G105: =F18 -> -73.462194 | H105: =((ABS($C$94-F105)^2)+(ABS($D$94-G105)^2))^0.5 -> 0.52665669 | I105: =1/H105^$D$40 -> 1.8987701 | K105: =L18/H105^$D$40 -> 0.16120419 | N105: =M18/H105^$D$40 -> 0.069136491
E106: =C19 -> 28020150 | F106: =E19 -> 10.029972 | G106: =F19 -> -73.668833 | H106: =((ABS($C$94-F106)^2)+(ABS($D$94-G106)^2))^0.5 -> 0.80063583 | I106: =1/H106^$D$40 -> 1.2490073 | K106: =L19/H106^$D$40 -> 0.082841146 | N106: =M19/H106^$D$40 -> 0.040916562
... E119: =C32 -> 28040350 | F119: =E32 -> 9.6569722 | G119: =F32 -> -73.743694 | H119: =((ABS($C$94-F119)^2)+(ABS($D$94-G119)^2))^0.5 -> 0.72367437 | I119: =1/H119^$D$40 -> 1.381837 | K119: =L32/H119^$D$40 -> 0.11414166 | N119: =M32/H119^$D$40 -> 0.075261486
B120: =C36 -> Virtual4 | C120: =E36 -> 9.395879 | D120: =F36 -> -73.196423 | E120: =C7 -> 25020230 | F120: =E7 -> 9.5621667 | G120: =F7 -> -73.339472 | H120: =((ABS($C$120-F120)^2)+(ABS($D$120-G120)^2))^0.5 -> 0.21935056 | I120: =1/H120^$D$40 -> 4.5589125 | J120: =SUM(I120:I145) -> 56.613075 | K120: =L7/H120^$D$40 -> 0.31326408 | L120: =SUM(K120:K145) -> 3.8192043 | M120: =L120/J120 -> 0.067461524 | N120: =M7/H120^$D$40 -> 0.11466771 | O120: =SUM(N120:N145) -> 1.3036879 | P120: =O120/J120 -> 0.023028036
E121: =C8 -> 25020240 | F121: =E8 -> 9.4104722 | G121: =F8 -> -73.890417 | H121: =((ABS($C$120-F121)^2)+(ABS($D$120-G121)^2))^0.5 -> 0.69414709 | I121: =1/H121^$D$40 -> 1.4406169 | K121: =L8/H121^$D$40 -> 0.091115789 | N121: =M8/H121^$D$40 -> 0.024308068
E122: =C9 -> 25020250 | F122: =E9 -> 9.1971944 | G122: =F9 -> -73.541944 | H122: =((ABS($C$120-F122)^2)+(ABS($D$120-G122)^2))^0.5 -> 0.39857323 | I122: =1/H122^$D$40 -> 2.5089492 | K122: =L9/H122^$D$40 -> 0.14796214 | N122: =M9/H122^$D$40 -> 0.03721296
E123: =C10 -> 25020260 | F123: =E10 -> 9.3970278 | G123: =F10 -> -73.488028 | H123: =((ABS($C$120-F123)^2)+(ABS($D$120-G123)^2))^0.5 -> 0.29160704 | I123: =1/H123^$D$40 -> 3.4292725 | K123: =L10/H123^$D$40 -> 0.20559191 | N123: =M10/H123^$D$40 -> 0.061323857
E124: =C11 -> 25020280 | F124: =E11 -> 9.6065278 | G124: =F11 -> -73.611972 | H124: =((ABS($C$120-F124)^2)+(ABS($D$120-G124)^2))^0.5 -> 0.46589061 | I124: =1/H124^$D$40 -> 2.1464266 | K124: =L11/H124^$D$40 -> 0.17017967 | N124: =M11/H124^$D$40 -> 0.056812432
E125: =C12 -> 25020690 | F125: =E12 -> 9.4232778 | G125: =F12 -> -73.410944 | H125: =((ABS($C$120-F125)^2)+(ABS($D$120-G125)^2))^0.5 -> 0.21626405 | I125: =1/H125^$D$40 -> 4.6239769 | K125: =L12/H125^$D$40 -> 0.2545282 | N125: =M12/H125^$D$40 -> 0.071922131
E126: =C13 -> 25020920 | F126: =E13 -> 9.2166667 | G126: =F13 -> -73.416667 | H126: =((ABS($C$120-F126)^2)+(ABS($D$120-G126)^2))^0.5 -> 0.28394425 | I126: =1/H126^$D$40 -> 3.5218182 | K126: =L13/H126^$D$40 -> 0.23894162 | N126: =M13/H126^$D$40 -> 0.11539373
E127: =C14 -> 25021240 | F127: =E14 -> 9.2600833 | G127: =F14 -> -73.809861 | H127: =((ABS($C$120-F127)^2)+(ABS($D$120-G127)^2))^0.5 -> 0.62828877 | I127: =1/H127^$D$40 -> 1.5916248 | K127: =L14/H127^$D$40 -> 0.10070585 | N127: =M14/H127^$D$40 -> 0.020914358
E128: =C15 -> 25021650 | F128: =E15 -> 9.5573889 | G128: =F15 -> -73.876194 | H128: =((ABS($C$120-F128)^2)+(ABS($D$120-G128)^2))^0.5 -> 0.69869497 | I128: =1/H128^$D$40 -> 1.4312397 | K128: =L15/H128^$D$40 -> 0.095625215 | N128: =M15/H128^$D$40 -> 0.026450622
E129: =C16 -> 25025250 | F129: =E16 -> 9.3610278 | G129: =F16 -> -73.593389 | H129: =((ABS($C$120-F129)^2)+(ABS($D$120-G129)^2))^0.5 -> 0.39849282 | I129: =1/H129^$D$40 -> 2.5094555 | K129: =L16/H129^$D$40 -> 0.14821712 | N129: =M16/H129^$D$40 -> 0.053543689
E130: =C17 -> 28010070 | F130: =E17 -> 10.1855 | G130: =F17 -> -73.467111 | H130: =((ABS($C$120-F130)^2)+(ABS($D$120-G130)^2))^0.5 -> 0.83472952 | I130: =1/H130^$D$40 -> 1.1979928 | K130: =L17/H130^$D$40 -> 0.062900532 | N130: =M17/H130^$D$40 -> 0.033387985
E131: =C18 -> 28020080 | F131: =E18 -> 9.8480833 | G131: =F18 -> -73.462194 | H131: =((ABS($C$120-F131)^2)+(ABS($D$120-G131)^2))^0.5 -> 0.52452189 | I131: =1/H131^$D$40 -> 1.9064981 | K131: =L18/H131^$D$40 -> 0.16186029 | N131: =M18/H131^$D$40 -> 0.069417876
E132: =C19 -> 28020150 | F132: =E19 -> 10.029972 | G132: =F19 -> -73.668833 | H132: =((ABS($C$120-F132)^2)+(ABS($D$120-G132)^2))^0.5 -> 0.79072481 | I132: =1/H132^$D$40 -> 1.2646625 | K132: =L19/H132^$D$40 -> 0.083879484 | N132: =M19/H132^$D$40 -> 0.041429413
... E145: =C32 -> 28040350 | F145: =E32 -> 9.6569722 | G145: =F32 -> -73.743694 | H145: =((ABS($C$120-F145)^2)+(ABS($D$120-G145)^2))^0.5 -> 0.60636268 | I145: =1/H145^$D$40 -> 1.649178 | K145: =L32/H145^$D$40 -> 0.1362244 | N145: =M32/H145^$D$40 -> 0.089822165
B146: Latitud y longitud en grados decimales proyectados en sistema WGS 1984.

Sheet Metodo3
B2: Método 3: estimación de la precipitación máxima en estaciones virtuales a partir de la relación entre la precipitación máxima, la precipitación media, la altitud y el valor inverso de la distancia
B3: (Máximos obtenidos del análisis realizado previamente y almacenado en el archivo ..\HIDG\Tablas\PMax24h_v0.xls)
B5: A. Estaciones | F5: Zonal Real >> | G5: =AVERAGE(G7:G32) -> 136.92308 | H5: =AVERAGE(H7:H32) -> 97.615969 | I5: =AVERAGE(I7:I32) -> 33.053471 | J5: =AVERAGE(J7:J32) -> 1645.9647 | K5: =AVERAGE(K7:K32) -> 1444.0176 | L5: =AVERAGE(L7:L32) -> 9.3134305 | M5: =AVERAGE(M7:M32) -> 3.5862674
B6: Tipo | C6: IdEstación | D6: Nombre | E6: Latitud, ° | F6: Longitud, ° | G6: Altitud, m | H6: PMax24h, mm | I6: PMaxDesvStd, mm | J6: Pmed CKCM, mm | K6: Pmed KDE, mm | L6: R, PMax24h | M6: R, PMaxDesvStd
A7: 1 | B7: Estación real | C7: 25020230 | D7: JAGUA LA [25020230] | E7: 9.5621667 | F7: -73.339472 | G7: 135 | H7: 105.8007 | I7: 38.727465 | J7: 1619.92 | K7: 1539.7109 | L7: =H7*G7/K7 -> 9.276478 | M7: =I7*G7/K7 -> 3.3955775
A8: 2 | C8: 25020240 | D8: CANAL EL [25020240] | E8: 9.4104722 | F8: -73.890417 | G8: 55 | H8: 104.89744 | I8: 27.984765 | J8: 1626.6072 | K8: 1658.5162 | L8: =H8*G8/K8 -> 3.4786268 | M8: =I8*G8/K8 -> 0.92803559
A9: 3 | C9: 25020250 | D9: CURUMANI [25020250] | E9: 9.1971944 | F9: -73.541944 | G9: 61 | H9: 108.5942 | I9: 27.311794 | J9: 2081.5364 | K9: 1841.3989 | L9: =H9*G9/K9 -> 3.5973987 | M9: =I9*G9/K9 -> 0.90475746
A10: 4 | C10: 25020260 | D10: RINCONHONDO [25020260] | E10: 9.3970278 | F10: -73.488028 | G10: 64 | H10: 106.89744 | I10: 31.885317 | J10: 1915.1008 | K10: 1783.049 | L10: =H10*G10/K10 -> 3.8369311 | M10: =I10*G10/K10 -> 1.144478
A11: 5 | C11: 25020280 | D11: LOMA LA [25020280] | E11: 9.6065278 | F11: -73.611972 | G11: 42 | H11: 109.06667 | I11: 36.410592 | J11: 1675.7328 | K11: 1375.6261 | L11: =H11*G11/K11 -> 3.3299746 | M11: =I11*G11/K11 -> 1.1116719
A12: 6 | C12: 25020690 | D12: POPONTE [25020690] | E12: 9.4232778 | F12: -73.410944 | G12: 91 | H12: 97.25641 | I12: 27.481781 | J12: 1823.3492 | K12: 1766.8431 | L12: =H12*G12/K12 -> 5.0091223 | M12: =I12*G12/K12 -> 1.4154296
A13: 7 | C13: 25020920 | D13: PRIMAVERA LA [25020920] | E13: 9.2166667 | F13: -73.416667 | G13: 1268 | H13: 100.90278 | I13: 48.729675 | J13: 1681.7874 | K13: 1487.2303 | L13: =H13*G13/K13 -> 86.028854 | M13: =I13*G13/K13 -> 41.546508
A14: 8 | C14: 25021240 | D14: CHIMICHAGUA [25021240] | E14: 9.2600833 | F14: -73.809861 | G14: 33 | H14: 106.33158 | I14: 22.082696 | J14: 1831.9044 | K14: 1680.5377 | L14: =H14*G14/K14 -> 2.0879877 | M14: =I14*G14/K14 -> 0.43362845
A15: 9 | C15: 25021650 | D15: YUCAL EL [25021650] | E15: 9.5573889 | F15: -73.876194 | G15: 43 | H15: 101.80571 | I15: 28.160192 | J15: 1473.9426 | K15: 1523.7444 | L15: =H15*G15/K15 -> 2.8729528 | M15: =I15*G15/K15 -> 0.7946794
A16: 10 | C16: 25025250 | D16: CHIRIGUANA [25025250] | E16: 9.3610278 | F16: -73.593389 | G16: 32 | H16: 108.04098 | I16: 39.029992 | J16: 1903.2529 | K16: 1829.2357 | L16: =H16*G16/K16 -> 1.8900306 | M16: =I16*G16/K16 -> 0.68277682
A17: 11 | C17: 28010070 | D17: VILLA MARLENE [28010070] | E17: 10.1855 | F17: -73.467111 | G17: 78 | H17: 72.694872 | I17: 38.58688 | J17: 1522.314 | K17: 1384.5342 | L17: =H17*G17/K17 -> 4.0953846 | M17: =I17*G17/K17 -> 2.1738551
A18: 12 | C18: 28020080 | D18: PLAYAS LAS HACIENDA [28020080] | E18: 9.8480833 | F18: -73.462194 | G18: 58 | H18: 100.62051 | I18: 43.153649 | J18: 1333.0487 | K18: 1185.1753 | L18: =H18*G18/K18 -> 4.9241574 | M18: =I18*G18/K18 -> 2.1118493
A19: 13 | C19: 28020150 | D19: ESPERANZA LA HACIENDA [28020150] | E19: 10.029972 | F19: -73.668833 | G19: 83 | H19: 72.206197 | I19: 35.663791 | J19: 1239.9448 | K19: 1088.6627 | L19: =H19*G19/K19 -> 5.5050239 | M19: =I19*G19/K19 -> 2.719019
... A32: 26 | C32: 28040350 | D32: PASO EL [28040350] | E32: 9.6569722 | F32: -73.743694 | G32: 34 | H32: 112.25768 | I32: 74.019251 | J32: 1448.6624 | K32: 1359.0289 | L32: =H32*G32/K32 -> 2.8084473 | M32: =I32*G32/K32 -> 1.8518035
A33: 27 | B33: Estación virtual | C33: Virtual1 | D33: Virtual 1 | E33: 10.064161 | F33: -72.937769 | G33: 2871 | H33: =K33*$M$42/G33 -> 4.5526918 | I33: =K33*P42/G33 -> 1.6233017 | J33: 1653.0728 | K33: 1247.8606 | L33: No requerida | M33: No requerida
A34: 28 | C34: Virtual2 | D34: Virtual 2 | E34: 9.739112 | F34: -72.944279 | G34: 1323 | H34: =K34*$M$68/G34 -> 12.335298 | I34: =K34*P68/G34 -> 4.5294797 | J34: 2357.9204 | K34: 1692.7278
A35: 29 | C35: Virtual3 | D35: Virtual 3 | E35: 9.55008 | F35: -73.027958 | G35: 595 | H35: =K35*$M$94/G35 -> 31.4461 | I35: =K35*P94/G35 -> 11.941183 | J35: 3171.7471 | K35: 1892.2783
A36: 30 | C36: Virtual4 | D36: Virtual 4 | E36: 9.395879 | F36: -73.196423 | G36: 2467 | H36: =K36*$M$120/G36 -> 7.4434259 | I36: =K36*P120/G36 -> 2.9910663 | J36: 2240.1467 | K36: 1647.4474
F37: Zonal Virtual >> | G37: =AVERAGE(G33:G36) -> 1814 | H37: =AVERAGE(H33:H36) -> 13.944379 | I37: =AVERAGE(I33:I36) -> 5.2712577 | J37: =AVERAGE(J33:J36) -> 2355.7217 | K37: =AVERAGE(K33:K36) -> 1620.0785
B39: B. Matriz de distancias y relaciones
B40: Potencia de tensión, n: | D40: 1 | E40: n = 0, exluye la distancia de la ponderación. Valores recomendados entre 0.5 y 5, generalmente se usa 2 para disminuir la desviación estándar estimada.
B41: Estación virtual a completar | C41: Latitud, ° | D41: Longitud, ° | E41: Estación testigo | F41: Latitud, ° | G41: Longitud, ° | H41: d, distancia ° | I41: 1/dn, inverso de la distancia | J41: ∑ 1/dn | K41: R / dn, PMax24h | L41: ∑ R/dn, PMax24h | M41: Relación PMax24h | N41: R / dn, PMaxDesvStd | O41: ∑ R/dn, PMaxDesvStd | P41: Relación PMaxDesvStd
B42: =C33 -> Virtual1 | C42: =E33 -> 10.064161 | D42: =F33 -> -72.937769 | E42: =C7 -> 25020230 | F42: =E7 -> 9.5621667 | G42: =F7 -> -73.339472 | H42: =((ABS($C$42-F42)^2)+(ABS($D$42-G42)^2))^0.5 -> 0.64293373 | I42: =1/H42^$D$40 -> 1.5553702 | J42: =SUM(I42:I67) -> 45.120639 | K42: =L7/H42^$D$40 -> 14.428358 | L42: =SUM(K42:K67) -> 472.61838 | M42: =L42/J42 -> 10.47455 | N42: =M7/H42^$D$40 -> 5.2813802 | O42: =SUM(N42:N67) -> 168.51617 | P42: =O42/J42 -> 3.7347914
E43: =C8 -> 25020240 | F43: =E8 -> 9.4104722 | G43: =F8 -> -73.890417 | H43: =((ABS($C$42-F43)^2)+(ABS($D$42-G43)^2))^0.5 -> 1.1553556 | I43: =1/H43^$D$40 -> 0.86553437 | K43: =L8/H43^$D$40 -> 3.010871 | N43: =M8/H43^$D$40 -> 0.80324671
E44: =C9 -> 25020250 | F44: =E9 -> 9.1971944 | G44: =F9 -> -73.541944 | H44: =((ABS($C$42-F44)^2)+(ABS($D$42-G44)^2))^0.5 -> 1.0567209 | I44: =1/H44^$D$40 -> 0.94632371 | K44: =L9/H44^$D$40 -> 3.4043037 | N44: =M9/H44^$D$40 -> 0.85619344
E45: =C10 -> 25020260 | F45: =E10 -> 9.3970278 | G45: =F10 -> -73.488028 | H45: =((ABS($C$42-F45)^2)+(ABS($D$42-G45)^2))^0.5 -> 0.86478405 | I45: =1/H45^$D$40 -> 1.156358 | K45: =L10/H45^$D$40 -> 4.4368661 | N45: =M10/H45^$D$40 -> 1.3234263
E46: =C11 -> 25020280 | F46: =E11 -> 9.6065278 | G46: =F11 -> -73.611972 | H46: =((ABS($C$42-F46)^2)+(ABS($D$42-G46)^2))^0.5 -> 0.81484854 | I46: =1/H46^$D$40 -> 1.2272219 | K46: =L11/H46^$D$40 -> 4.0866179 | N46: =M11/H46^$D$40 -> 1.3642681
E47: =C12 -> 25020690 | F47: =E12 -> 9.4232778 | G47: =F12 -> -73.410944 | H47: =((ABS($C$42-F47)^2)+(ABS($D$42-G47)^2))^0.5 -> 0.79663436 | I47: =1/H47^$D$40 -> 1.255281 | K47: =L12/H47^$D$40 -> 6.2878562 | N47: =M12/H47^$D$40 -> 1.776762
E48: =C13 -> 25020920 | F48: =E13 -> 9.2166667 | G48: =F13 -> -73.416667 | H48: =((ABS($C$42-F48)^2)+(ABS($D$42-G48)^2))^0.5 -> 0.97344215 | I48: =1/H48^$D$40 -> 1.0272824 | K48: =L13/H48^$D$40 -> 88.375928 | N48: =M13/H48^$D$40 -> 42.679997
E49: =C14 -> 25021240 | F49: =E14 -> 9.2600833 | G49: =F14 -> -73.809861 | H49: =((ABS($C$42-F49)^2)+(ABS($D$42-G49)^2))^0.5 -> 1.1862064 | I49: =1/H49^$D$40 -> 0.84302363 | K49: =L14/H49^$D$40 -> 1.760223 | N49: =M14/H49^$D$40 -> 0.36555903
E50: =C15 -> 25021650 | F50: =E15 -> 9.5573889 | G50: =F15 -> -73.876194 | H50: =((ABS($C$42-F50)^2)+(ABS($D$42-G50)^2))^0.5 -> 1.0665178 | I50: =1/H50^$D$40 -> 0.93763083 | K50: =L15/H50^$D$40 -> 2.6937691 | N50: =M15/H50^$D$40 -> 0.74511591
E51: =C16 -> 25025250 | F51: =E16 -> 9.3610278 | G51: =F16 -> -73.593389 | H51: =((ABS($C$42-F51)^2)+(ABS($D$42-G51)^2))^0.5 -> 0.96137078 | I51: =1/H51^$D$40 -> 1.0401814 | K51: =L16/H51^$D$40 -> 1.9659747 | N51: =M16/H51^$D$40 -> 0.71021174
E52: =C17 -> 28010070 | F52: =E17 -> 10.1855 | G52: =F17 -> -73.467111 | H52: =((ABS($C$42-F52)^2)+(ABS($D$42-G52)^2))^0.5 -> 0.5430711 | I52: =1/H52^$D$40 -> 1.8413795 | K52: =L17/H52^$D$40 -> 7.5411573 | N52: =M17/H52^$D$40 -> 4.0028922
E53: =C18 -> 28020080 | F53: =E18 -> 9.8480833 | G53: =F18 -> -73.462194 | H53: =((ABS($C$42-F53)^2)+(ABS($D$42-G53)^2))^0.5 -> 0.56719626 | I53: =1/H53^$D$40 -> 1.7630582 | K53: =L18/H53^$D$40 -> 8.681576 | N53: =M18/H53^$D$40 -> 3.7233132
E54: =C19 -> 28020150 | F54: =E19 -> 10.029972 | G54: =F19 -> -73.668833 | H54: =((ABS($C$42-F54)^2)+(ABS($D$42-G54)^2))^0.5 -> 0.73186333 | I54: =1/H54^$D$40 -> 1.3663753 | K54: =L19/H54^$D$40 -> 7.5219289 | N54: =M19/H54^$D$40 -> 3.7152005
... E67: =C32 -> 28040350 | F67: =E32 -> 9.6569722 | G67: =F32 -> -73.743694 | H67: =((ABS($C$42-F67)^2)+(ABS($D$42-G67)^2))^0.5 -> 0.9029499 | I67: =1/H67^$D$40 -> 1.1074812 | K67: =L32/H67^$D$40 -> 3.1103025 | N67: =M32/H67^$D$40 -> 2.0508375
B68: =C34 -> Virtual2 | C68: =E34 -> 9.739112 | D68: =F34 -> -72.944279 | E68: =C7 -> 25020230 | F68: =E7 -> 9.5621667 | G68: =F7 -> -73.339472 | H68: =((ABS($C$68-F68)^2)+(ABS($D$68-G68)^2))^0.5 -> 0.43299807 | I68: =1/H68^$D$40 -> 2.3094791 | J68: =SUM(I68:I93) -> 46.859278 | K68: =L7/H68^$D$40 -> 21.423832 | L68: =SUM(K68:K93) -> 451.7706 | M68: =L68/J68 -> 9.6410065 | N68: =M7/H68^$D$40 -> 7.8420152 | O68: =SUM(N68:N93) -> 165.88863 | P68: =O68/J68 -> 3.5401449
E69: =C8 -> 25020240 | F69: =E8 -> 9.4104722 | G69: =F8 -> -73.890417 | H69: =((ABS($C$68-F69)^2)+(ABS($D$68-G69)^2))^0.5 -> 1.001589 | I69: =1/H69^$D$40 -> 0.99841349 | K69: =L8/H69^$D$40 -> 3.4731079 | N69: =M8/H69^$D$40 -> 0.92656325
E70: =C9 -> 25020250 | F70: =E9 -> 9.1971944 | G70: =F9 -> -73.541944 | H70: =((ABS($C$68-F70)^2)+(ABS($D$68-G70)^2))^0.5 -> 0.80677049 | I70: =1/H70^$D$40 -> 1.2395099 | K70: =L9/H70^$D$40 -> 4.4590113 | N70: =M9/H70^$D$40 -> 1.1214558
E71: =C10 -> 25020260 | F71: =E10 -> 9.3970278 | G71: =F10 -> -73.488028 | H71: =((ABS($C$68-F71)^2)+(ABS($D$68-G71)^2))^0.5 -> 0.64240513 | I71: =1/H71^$D$40 -> 1.5566501 | K71: =L10/H71^$D$40 -> 5.9727591 | N71: =M10/H71^$D$40 -> 1.7815517
E72: =C11 -> 25020280 | F72: =E11 -> 9.6065278 | G72: =F11 -> -73.611972 | H72: =((ABS($C$68-F72)^2)+(ABS($D$68-G72)^2))^0.5 -> 0.68072962 | I72: =1/H72^$D$40 -> 1.469012 | K72: =L11/H72^$D$40 -> 4.8917728 | N72: =M11/H72^$D$40 -> 1.6330594
E73: =C12 -> 25020690 | F73: =E12 -> 9.4232778 | G73: =F12 -> -73.410944 | H73: =((ABS($C$68-F73)^2)+(ABS($D$68-G73)^2))^0.5 -> 0.56349613 | I73: =1/H73^$D$40 -> 1.7746351 | K73: =L12/H73^$D$40 -> 8.8893641 | N73: =M12/H73^$D$40 -> 2.5118711
E74: =C13 -> 25020920 | F74: =E13 -> 9.2166667 | G74: =F13 -> -73.416667 | H74: =((ABS($C$68-F74)^2)+(ABS($D$68-G74)^2))^0.5 -> 0.70434312 | I74: =1/H74^$D$40 -> 1.4197626 | K74: =L13/H74^$D$40 -> 122.14055 | N74: =M13/H74^$D$40 -> 58.986177
E75: =C14 -> 25021240 | F75: =E14 -> 9.2600833 | G75: =F14 -> -73.809861 | H75: =((ABS($C$68-F75)^2)+(ABS($D$68-G75)^2))^0.5 -> 0.98929311 | I75: =1/H75^$D$40 -> 1.0108228 | K75: =L14/H75^$D$40 -> 2.1105855 | N75: =M14/H75^$D$40 -> 0.43832151
E76: =C15 -> 25021650 | F76: =E15 -> 9.5573889 | G76: =F15 -> -73.876194 | H76: =((ABS($C$68-F76)^2)+(ABS($D$68-G76)^2))^0.5 -> 0.9494681 | I76: =1/H76^$D$40 -> 1.0532213 | K76: =L15/H76^$D$40 -> 3.025855 | N76: =M15/H76^$D$40 -> 0.83697325
E77: =C16 -> 25025250 | F77: =E16 -> 9.3610278 | G77: =F16 -> -73.593389 | H77: =((ABS($C$68-F77)^2)+(ABS($D$68-G77)^2))^0.5 -> 0.75119327 | I77: =1/H77^$D$40 -> 1.3312153 | K77: =L16/H77^$D$40 -> 2.5160377 | N77: =M16/H77^$D$40 -> 0.90892297
E78: =C17 -> 28010070 | F78: =E17 -> 10.1855 | G78: =F17 -> -73.467111 | H78: =((ABS($C$68-F78)^2)+(ABS($D$68-G78)^2))^0.5 -> 0.68747048 | I78: =1/H78^$D$40 -> 1.4546079 | K78: =L17/H78^$D$40 -> 5.9571789 | N78: =M17/H78^$D$40 -> 3.1621068
E79: =C18 -> 28020080 | F79: =E18 -> 9.8480833 | G79: =F18 -> -73.462194 | H79: =((ABS($C$68-F79)^2)+(ABS($D$68-G79)^2))^0.5 -> 0.52925528 | I79: =1/H79^$D$40 -> 1.8894474 | K79: =L18/H79^$D$40 -> 9.3039363 | N79: =M18/H79^$D$40 -> 3.9902282
E80: =C19 -> 28020150 | F80: =E19 -> 10.029972 | G80: =F19 -> -73.668833 | H80: =((ABS($C$68-F80)^2)+(ABS($D$68-G80)^2))^0.5 -> 0.78075518 | I80: =1/H80^$D$40 -> 1.2808112 | K80: =L19/H80^$D$40 -> 7.0508965 | N80: =M19/H80^$D$40 -> 3.4825501
... E93: =C32 -> 28040350 | F93: =E32 -> 9.6569722 | G93: =F32 -> -73.743694 | H93: =((ABS($C$68-F93)^2)+(ABS($D$68-G93)^2))^0.5 -> 0.80362428 | I93: =1/H93^$D$40 -> 1.2443626 | K93: =L32/H93^$D$40 -> 3.4947268 | N93: =M32/H93^$D$40 -> 2.304315
B94: =C35 -> Virtual3 | C94: =E35 -> 9.55008 | D94: =F35 -> -73.027958 | E94: =C7 -> 25020230 | F94: =E7 -> 9.5621667 | G94: =F7 -> -73.339472 | H94: =((ABS($C$94-F94)^2)+(ABS($D$94-G94)^2))^0.5 -> 0.31174861 | I94: =1/H94^$D$40 -> 3.2077128 | J94: =SUM(I94:I119) -> 49.347525 | K94: =L7/H94^$D$40 -> 29.756277 | L94: =SUM(K94:K119) -> 487.93742 | M94: =L94/J94 -> 9.887779 | N94: =M7/H94^$D$40 -> 10.892037 | O94: =SUM(N94:N119) -> 185.28689 | P94: =O94/J94 -> 3.7547351
E95: =C8 -> 25020240 | F95: =E8 -> 9.4104722 | G95: =F8 -> -73.890417 | H95: =((ABS($C$94-F95)^2)+(ABS($D$94-G95)^2))^0.5 -> 0.87368489 | I95: =1/H95^$D$40 -> 1.1445774 | K95: =L8/H95^$D$40 -> 3.9815577 | N95: =M8/H95^$D$40 -> 1.0622086
E96: =C9 -> 25020250 | F96: =E9 -> 9.1971944 | G96: =F9 -> -73.541944 | H96: =((ABS($C$94-F96)^2)+(ABS($D$94-G96)^2))^0.5 -> 0.62346634 | I96: =1/H96^$D$40 -> 1.6039358 | K96: =L9/H96^$D$40 -> 5.7699967 | N96: =M9/H96^$D$40 -> 1.4511729
E97: =C10 -> 25020260 | F97: =E10 -> 9.3970278 | G97: =F10 -> -73.488028 | H97: =((ABS($C$94-F97)^2)+(ABS($D$94-G97)^2))^0.5 -> 0.48485996 | I97: =1/H97^$D$40 -> 2.0624512 | K97: =L10/H97^$D$40 -> 7.9134829 | N97: =M10/H97^$D$40 -> 2.3604299
E98: =C11 -> 25020280 | F98: =E11 -> 9.6065278 | G98: =F11 -> -73.611972 | H98: =((ABS($C$94-F98)^2)+(ABS($D$94-G98)^2))^0.5 -> 0.58673585 | I98: =1/H98^$D$40 -> 1.7043445 | K98: =L11/H98^$D$40 -> 5.6754238 | N98: =M11/H98^$D$40 -> 1.8946718
E99: =C12 -> 25020690 | F99: =E12 -> 9.4232778 | G99: =F12 -> -73.410944 | H99: =((ABS($C$94-F99)^2)+(ABS($D$94-G99)^2))^0.5 -> 0.40343205 | I99: =1/H99^$D$40 -> 2.4787322 | K99: =L12/H99^$D$40 -> 12.416273 | N99: =M12/H99^$D$40 -> 3.508471
E100: =C13 -> 25020920 | F100: =E13 -> 9.2166667 | G100: =F13 -> -73.416667 | H100: =((ABS($C$94-F100)^2)+(ABS($D$94-G100)^2))^0.5 -> 0.51211218 | I100: =1/H100^$D$40 -> 1.9526972 | K100: =L13/H100^$D$40 -> 167.9883 | N100: =M13/H100^$D$40 -> 81.127749
E101: =C14 -> 25021240 | F101: =E14 -> 9.2600833 | G101: =F14 -> -73.809861 | H101: =((ABS($C$94-F101)^2)+(ABS($D$94-G101)^2))^0.5 -> 0.83394876 | I101: =1/H101^$D$40 -> 1.1991144 | K101: =L14/H101^$D$40 -> 2.5037362 | N101: =M14/H101^$D$40 -> 0.51997013
E102: =C15 -> 25021650 | F102: =E15 -> 9.5573889 | G102: =F15 -> -73.876194 | H102: =((ABS($C$94-F102)^2)+(ABS($D$94-G102)^2))^0.5 -> 0.84826793 | I102: =1/H102^$D$40 -> 1.1788728 | K102: =L15/H102^$D$40 -> 3.386846 | N102: =M15/H102^$D$40 -> 0.93682594
E103: =C16 -> 25025250 | F103: =E16 -> 9.3610278 | G103: =F16 -> -73.593389 | H103: =((ABS($C$94-F103)^2)+(ABS($D$94-G103)^2))^0.5 -> 0.59619865 | I103: =1/H103^$D$40 -> 1.6772933 | K103: =L16/H103^$D$40 -> 3.1701356 | N103: =M16/H103^$D$40 -> 1.145217
E104: =C17 -> 28010070 | F104: =E17 -> 10.1855 | G104: =F17 -> -73.467111 | H104: =((ABS($C$94-F104)^2)+(ABS($D$94-G104)^2))^0.5 -> 0.77240794 | I104: =1/H104^$D$40 -> 1.2946527 | K104: =L17/H104^$D$40 -> 5.3021006 | N104: =M17/H104^$D$40 -> 2.8143873
E105: =C18 -> 28020080 | F105: =E18 -> 9.8480833 | G105: =F18 -> -73.462194 | H105: =((ABS($C$94-F105)^2)+(ABS($D$94-G105)^2))^0.5 -> 0.52665669 | I105: =1/H105^$D$40 -> 1.8987701 | K105: =L18/H105^$D$40 -> 9.3498431 | N105: =M18/H105^$D$40 -> 4.0099165
E106: =C19 -> 28020150 | F106: =E19 -> 10.029972 | G106: =F19 -> -73.668833 | H106: =((ABS($C$94-F106)^2)+(ABS($D$94-G106)^2))^0.5 -> 0.80063583 | I106: =1/H106^$D$40 -> 1.2490073 | K106: =L19/H106^$D$40 -> 6.8758151 | N106: =M19/H106^$D$40 -> 3.3960746
... E119: =C32 -> 28040350 | F119: =E32 -> 9.6569722 | G119: =F32 -> -73.743694 | H119: =((ABS($C$94-F119)^2)+(ABS($D$94-G119)^2))^0.5 -> 0.72367437 | I119: =1/H119^$D$40 -> 1.381837 | K119: =L32/H119^$D$40 -> 3.8808163 | N119: =M32/H119^$D$40 -> 2.5588905
B120: =C36 -> Virtual4 | C120: =E36 -> 9.395879 | D120: =F36 -> -73.196423 | E120: =C7 -> 25020230 | F120: =E7 -> 9.5621667 | G120: =F7 -> -73.339472 | H120: =((ABS($C$120-F120)^2)+(ABS($D$120-G120)^2))^0.5 -> 0.21935056 | I120: =1/H120^$D$40 -> 4.5589125 | J120: =SUM(I120:I145) -> 56.613075 | K120: =L7/H120^$D$40 -> 42.290651 | L120: =SUM(K120:K145) -> 631.02593 | M120: =L120/J120 -> 11.146293 | N120: =M7/H120^$D$40 -> 15.480141 | O120: =SUM(N120:N145) -> 253.57146 | P120: =O120/J120 -> 4.4790266
E121: =C8 -> 25020240 | F121: =E8 -> 9.4104722 | G121: =F8 -> -73.890417 | H121: =((ABS($C$120-F121)^2)+(ABS($D$120-G121)^2))^0.5 -> 0.69414709 | I121: =1/H121^$D$40 -> 1.4406169 | K121: =L8/H121^$D$40 -> 5.0113684 | N121: =M8/H121^$D$40 -> 1.3369437
E122: =C9 -> 25020250 | F122: =E9 -> 9.1971944 | G122: =F9 -> -73.541944 | H122: =((ABS($C$120-F122)^2)+(ABS($D$120-G122)^2))^0.5 -> 0.39857323 | I122: =1/H122^$D$40 -> 2.5089492 | K122: =L9/H122^$D$40 -> 9.0256908 | N122: =M9/H122^$D$40 -> 2.2699905
E123: =C10 -> 25020260 | F123: =E10 -> 9.3970278 | G123: =F10 -> -73.488028 | H123: =((ABS($C$120-F123)^2)+(ABS($D$120-G123)^2))^0.5 -> 0.29160704 | I123: =1/H123^$D$40 -> 3.4292725 | K123: =L10/H123^$D$40 -> 13.157882 | N123: =M10/H123^$D$40 -> 3.9247268
E124: =C11 -> 25020280 | F124: =E11 -> 9.6065278 | G124: =F11 -> -73.611972 | H124: =((ABS($C$120-F124)^2)+(ABS($D$120-G124)^2))^0.5 -> 0.46589061 | I124: =1/H124^$D$40 -> 2.1464266 | K124: =L11/H124^$D$40 -> 7.1475461 | N124: =M11/H124^$D$40 -> 2.3861221
E125: =C12 -> 25020690 | F125: =E12 -> 9.4232778 | G125: =F12 -> -73.410944 | H125: =((ABS($C$120-F125)^2)+(ABS($D$120-G125)^2))^0.5 -> 0.21626405 | I125: =1/H125^$D$40 -> 4.6239769 | K125: =L12/H125^$D$40 -> 23.162066 | N125: =M12/H125^$D$40 -> 6.5449139
E126: =C13 -> 25020920 | F126: =E13 -> 9.2166667 | G126: =F13 -> -73.416667 | H126: =((ABS($C$120-F126)^2)+(ABS($D$120-G126)^2))^0.5 -> 0.28394425 | I126: =1/H126^$D$40 -> 3.5218182 | K126: =L13/H126^$D$40 -> 302.97798 | N126: =M13/H126^$D$40 -> 146.31925
E127: =C14 -> 25021240 | F127: =E14 -> 9.2600833 | G127: =F14 -> -73.809861 | H127: =((ABS($C$120-F127)^2)+(ABS($D$120-G127)^2))^0.5 -> 0.62828877 | I127: =1/H127^$D$40 -> 1.5916248 | K127: =L14/H127^$D$40 -> 3.3232931 | N127: =M14/H127^$D$40 -> 0.6901738
E128: =C15 -> 25021650 | F128: =E15 -> 9.5573889 | G128: =F15 -> -73.876194 | H128: =((ABS($C$120-F128)^2)+(ABS($D$120-G128)^2))^0.5 -> 0.69869497 | I128: =1/H128^$D$40 -> 1.4312397 | K128: =L15/H128^$D$40 -> 4.1118842 | N128: =M15/H128^$D$40 -> 1.1373767
E129: =C16 -> 25025250 | F129: =E16 -> 9.3610278 | G129: =F16 -> -73.593389 | H129: =((ABS($C$120-F129)^2)+(ABS($D$120-G129)^2))^0.5 -> 0.39849282 | I129: =1/H129^$D$40 -> 2.5094555 | K129: =L16/H129^$D$40 -> 4.7429477 | N129: =M16/H129^$D$40 -> 1.713398
E130: =C17 -> 28010070 | F130: =E17 -> 10.1855 | G130: =F17 -> -73.467111 | H130: =((ABS($C$120-F130)^2)+(ABS($D$120-G130)^2))^0.5 -> 0.83472952 | I130: =1/H130^$D$40 -> 1.1979928 | K130: =L17/H130^$D$40 -> 4.9062415 | N130: =M17/H130^$D$40 -> 2.6042629
E131: =C18 -> 28020080 | F131: =E18 -> 9.8480833 | G131: =F18 -> -73.462194 | H131: =((ABS($C$120-F131)^2)+(ABS($D$120-G131)^2))^0.5 -> 0.52452189 | I131: =1/H131^$D$40 -> 1.9064981 | K131: =L18/H131^$D$40 -> 9.3878969 | N131: =M18/H131^$D$40 -> 4.0262368
E132: =C19 -> 28020150 | F132: =E19 -> 10.029972 | G132: =F19 -> -73.668833 | H132: =((ABS($C$120-F132)^2)+(ABS($D$120-G132)^2))^0.5 -> 0.79072481 | I132: =1/H132^$D$40 -> 1.2646625 | K132: =L19/H132^$D$40 -> 6.9619972 | N132: =M19/H132^$D$40 -> 3.4386413
... E145: =C32 -> 28040350 | F145: =E32 -> 9.6569722 | G145: =F32 -> -73.743694 | H145: =((ABS($C$120-F145)^2)+(ABS($D$120-G145)^2))^0.5 -> 0.60636268 | I145: =1/H145^$D$40 -> 1.649178 | K145: =L32/H145^$D$40 -> 4.6316295 | N145: =M32/H145^$D$40 -> 3.0539536
B146: Latitud y longitud en grados decimales proyectados en sistema WGS 1984.

Sheet Metodo4
B2: Método 4: estimación de la precipitación máxima en estaciones virtuales a partir de la relación entre la precipitación máxima, la precipitación media, el logaritmo de la altitud y el valor inverso de la distancia
B3: (Máximos obtenidos del análisis realizado previamente y almacenado en el archivo ..\HIDG\Tablas\PMax24h_v0.xls)
B5: A. Estaciones | F5: Zonal Real >> | G5: =AVERAGE(G7:G32) -> 136.92308 | H5: =AVERAGE(H7:H32) -> 1.916816 | I5: =AVERAGE(I7:I32) -> 97.615969 | J5: =AVERAGE(J7:J32) -> 33.053471 | K5: =AVERAGE(K7:K32) -> 1645.9647 | L5: =AVERAGE(L7:L32) -> 1444.0176 | M5: =AVERAGE(M7:M32) -> 0.13096582 | N5: =AVERAGE(N7:N32) -> 0.045085996
B6: Tipo | C6: IdEstación | D6: Nombre | E6: Latitud, ° | F6: Longitud, ° | G6: Altitud, m | H6: Log10 (altitud) | I6: PMax24h, mm | J6: PMaxDesvStd, mm | K6: Pmed CKCM, mm | L6: Pmed KDE, mm | M6: R, PMax24h | N6: R, PMaxDesvStd
A7: 1 | B7: Estación real | C7: 25020230 | D7: JAGUA LA [25020230] | E7: 9.5621667 | F7: -73.339472 | G7: 135 | H7: =LOG10(G7) -> 2.1303338 | I7: 105.8007 | J7: 38.727465 | K7: 1619.92 | L7: 1539.7109 | M7: =I7*H7/L7 -> 0.14638514 | N7: =J7*H7/L7 -> 0.053583062
A8: 2 | C8: 25020240 | D8: CANAL EL [25020240] | E8: 9.4104722 | F8: -73.890417 | G8: 55 | H8: =LOG10(G8) -> 1.7403627 | I8: 104.89744 | J8: 27.984765 | K8: 1626.6072 | L8: 1658.5162 | M8: =I8*H8/L8 -> 0.11007404 | N8: =J8*H8/L8 -> 0.029365791
A9: 3 | C9: 25020250 | D9: CURUMANI [25020250] | E9: 9.1971944 | F9: -73.541944 | G9: 61 | H9: =LOG10(G9) -> 1.7853298 | I9: 108.5942 | J9: 27.311794 | K9: 2081.5364 | L9: 1841.3989 | M9: =I9*H9/L9 -> 0.10528759 | N9: =J9*H9/L9 -> 0.026480172
A10: 4 | C10: 25020260 | D10: RINCONHONDO [25020260] | E10: 9.3970278 | F10: -73.488028 | G10: 64 | H10: =LOG10(G10) -> 1.80618 | I10: 106.89744 | J10: 31.885317 | K10: 1915.1008 | L10: 1783.049 | M10: =I10*H10/L10 -> 0.10828419 | N10: =J10*H10/L10 -> 0.032298956
A11: 5 | C11: 25020280 | D11: LOMA LA [25020280] | E11: 9.6065278 | F11: -73.611972 | G11: 42 | H11: =LOG10(G11) -> 1.6232493 | I11: 109.06667 | J11: 36.410592 | K11: 1675.7328 | L11: 1375.6261 | M11: =I11*H11/L11 -> 0.1286995 | N11: =J11*H11/L11 -> 0.042964777
A12: 6 | C12: 25020690 | D12: POPONTE [25020690] | E12: 9.4232778 | F12: -73.410944 | G12: 91 | H12: =LOG10(G12) -> 1.9590414 | I12: 97.25641 | J12: 27.481781 | K12: 1823.3492 | L12: 1766.8431 | M12: =I12*H12/L12 -> 0.10783602 | N12: =J12*H12/L12 -> 0.030471266
A13: 7 | C13: 25020920 | D13: PRIMAVERA LA [25020920] | E13: 9.2166667 | F13: -73.416667 | G13: 1268 | H13: =LOG10(G13) -> 3.1031193 | I13: 100.90278 | J13: 48.729675 | K13: 1681.7874 | L13: 1487.2303 | M13: =I13*H13/L13 -> 0.21053454 | N13: =J13*H13/L13 -> 0.1016749
A14: 8 | C14: 25021240 | D14: CHIMICHAGUA [25021240] | E14: 9.2600833 | F14: -73.809861 | G14: 33 | H14: =LOG10(G14) -> 1.5185139 | I14: 106.33158 | J14: 22.082696 | K14: 1831.9044 | L14: 1680.5377 | M14: =I14*H14/L14 -> 0.096079953 | N14: =J14*H14/L14 -> 0.019953662
A15: 9 | C15: 25021650 | D15: YUCAL EL [25021650] | E15: 9.5573889 | F15: -73.876194 | G15: 43 | H15: =LOG10(G15) -> 1.6334685 | I15: 101.80571 | J15: 28.160192 | K15: 1473.9426 | L15: 1523.7444 | M15: =I15*H15/L15 -> 0.10913669 | N15: =J15*H15/L15 -> 0.030187994
A16: 10 | C16: 25025250 | D16: CHIRIGUANA [25025250] | E16: 9.3610278 | F16: -73.593389 | G16: 32 | H16: =LOG10(G16) -> 1.50515 | I16: 108.04098 | J16: 39.029992 | K16: 1903.2529 | L16: 1829.2357 | M16: =I16*H16/L16 -> 0.08889936 | N16: =J16*H16/L16 -> 0.032115047
A17: 11 | C17: 28010070 | D17: VILLA MARLENE [28010070] | E17: 10.1855 | F17: -73.467111 | G17: 78 | H17: =LOG10(G17) -> 1.8920946 | I17: 72.694872 | J17: 38.58688 | K17: 1522.314 | L17: 1384.5342 | M17: =I17*H17/L17 -> 0.099344297 | N17: =J17*H17/L17 -> 0.052732557
A18: 12 | C18: 28020080 | D18: PLAYAS LAS HACIENDA [28020080] | E18: 9.8480833 | F18: -73.462194 | G18: 58 | H18: =LOG10(G18) -> 1.763428 | I18: 100.62051 | J18: 43.153649 | K18: 1333.0487 | L18: 1185.1753 | M18: =I18*H18/L18 -> 0.14971374 | N18: =J18*H18/L18 -> 0.064208522
A19: 13 | C19: 28020150 | D19: ESPERANZA LA HACIENDA [28020150] | E19: 10.029972 | F19: -73.668833 | G19: 83 | H19: =LOG10(G19) -> 1.9190781 | I19: 72.206197 | J19: 35.663791 | K19: 1239.9448 | L19: 1088.6627 | M19: =I19*H19/L19 -> 0.12728399 | N19: =J19*H19/L19 -> 0.062867588
... A32: 26 | C32: 28040350 | D32: PASO EL [28040350] | E32: 9.6569722 | F32: -73.743694 | G32: 34 | H32: =LOG10(G32) -> 1.5314789 | I32: 112.25768 | J32: 74.019251 | K32: 1448.6624 | L32: 1359.0289 | M32: =I32*H32/L32 -> 0.12650229 | N32: =J32*H32/L32 -> 0.083411707
A33: 27 | B33: Estación virtual | C33: Virtual1 | D33: Virtual 1 | E33: 10.064161 | F33: -72.937769 | G33: 2871 | H33: =LOG10(G33) -> 3.4580332 | I33: =L33*$M$42/H33 -> 50.044692 | J33: =L33*P42/H33 -> 16.637085 | K33: 1653.0728 | L33: 1247.8606 | M33: No requerida | N33: No requerida
A34: 28 | C34: Virtual2 | D34: Virtual 2 | E34: 9.739112 | F34: -72.944279 | G34: 1323 | H34: =LOG10(G34) -> 3.1215598 | I34: =L34*$M$68/H34 -> 73.557817 | J34: =L34*P68/H34 -> 24.573586 | K34: 2357.9204 | L34: 1692.7278
A35: 29 | C35: Virtual3 | D35: Virtual 3 | E35: 9.55008 | F35: -73.027958 | G35: 595 | H35: =LOG10(G35) -> 2.774517 | I35: =L35*$M$94/H35 -> 91.52756 | J35: =L35*P94/H35 -> 30.972406 | K35: 3171.7471 | L35: 1892.2783
A36: 30 | C36: Virtual4 | D36: Virtual 4 | E36: 9.395879 | F36: -73.196423 | G36: 2467 | H36: =LOG10(G36) -> 3.3921691 | I36: =L36*$M$120/H36 -> 64.32826 | J36: =L36*P120/H36 -> 22.193266 | K36: 2240.1467 | L36: 1647.4474
F37: Zonal Virtual >> | G37: =AVERAGE(G33:G36) -> 1814 | H37: =AVERAGE(H33:H36) -> 3.1865698 | I37: =AVERAGE(I33:I36) -> 69.864582 | J37: =AVERAGE(J33:J36) -> 23.594086 | K37: =AVERAGE(K33:K36) -> 2355.7217 | L37: =AVERAGE(L33:L36) -> 1620.0785
B39: B. Matriz de distancias y relaciones
B40: Potencia de tensión, n: | D40: 1 | E40: n = 0, exluye la distancia de la ponderación. Valores recomendados entre 0.5 y 5, generalmente se usa 2 para disminuir la desviación estándar estimada.
B41: Estación virtual a completar | C41: Latitud, ° | D41: Longitud, ° | E41: Estación testigo | F41: Latitud, ° | G41: Longitud, ° | H41: d, distancia ° | I41: 1/dn, inverso de la distancia | J41: ∑ 1/dn | K41: R / dn, PMax24h | L41: ∑ R/dn, PMax24h | M41: Relación PMax24h | N41: R / dn, PMaxDesvStd | O41: ∑ R/dn, PMaxDesvStd | P41: Relación PMaxDesvStd
B42: =C33 -> Virtual1 | C42: =E33 -> 10.064161 | D42: =F33 -> -72.937769 | E42: =C7 -> 25020230 | F42: =E7 -> 9.5621667 | G42: =F7 -> -73.339472 | H42: =((ABS($C$42-F42)^2)+(ABS($D$42-G42)^2))^0.5 -> 0.64293373 | I42: =1/H42^$D$40 -> 1.5553702 | J42: =SUM(I42:I67) -> 45.120639 | K42: =M7/H42^$D$40 -> 0.22768309 | L42: =SUM(K42:K67) -> 6.257435 | M42: =L42/J42 -> 0.13868232 | N42: =N7/H42^$D$40 -> 0.0833415 | O42: =SUM(N42:N67) -> 2.0802502 | P42: =O42/J42 -> 0.046104183
E43: =C8 -> 25020240 | F43: =E8 -> 9.4104722 | G43: =F8 -> -73.890417 | H43: =((ABS($C$42-F43)^2)+(ABS($D$42-G43)^2))^0.5 -> 1.1553556 | I43: =1/H43^$D$40 -> 0.86553437 | K43: =M8/H43^$D$40 -> 0.095272866 | N43: =N8/H43^$D$40 -> 0.025417102
E44: =C9 -> 25020250 | F44: =E9 -> 9.1971944 | G44: =F9 -> -73.541944 | H44: =((ABS($C$42-F44)^2)+(ABS($D$42-G44)^2))^0.5 -> 1.0567209 | I44: =1/H44^$D$40 -> 0.94632371 | K44: =M9/H44^$D$40 -> 0.099636146 | N44: =N9/H44^$D$40 -> 0.025058815
E45: =C10 -> 25020260 | F45: =E10 -> 9.3970278 | G45: =F10 -> -73.488028 | H45: =((ABS($C$42-F45)^2)+(ABS($D$42-G45)^2))^0.5 -> 0.86478405 | I45: =1/H45^$D$40 -> 1.156358 | K45: =M10/H45^$D$40 -> 0.12521529 | N45: =N10/H45^$D$40 -> 0.037349158
E46: =C11 -> 25020280 | F46: =E11 -> 9.6065278 | G46: =F11 -> -73.611972 | H46: =((ABS($C$42-F46)^2)+(ABS($D$42-G46)^2))^0.5 -> 0.81484854 | I46: =1/H46^$D$40 -> 1.2272219 | K46: =M11/H46^$D$40 -> 0.15794285 | N46: =N11/H46^$D$40 -> 0.052727316
E47: =C12 -> 25020690 | F47: =E12 -> 9.4232778 | G47: =F12 -> -73.410944 | H47: =((ABS($C$42-F47)^2)+(ABS($D$42-G47)^2))^0.5 -> 0.79663436 | I47: =1/H47^$D$40 -> 1.255281 | K47: =M12/H47^$D$40 -> 0.13536451 | N47: =N12/H47^$D$40 -> 0.038250002
E48: =C13 -> 25020920 | F48: =E13 -> 9.2166667 | G48: =F13 -> -73.416667 | H48: =((ABS($C$42-F48)^2)+(ABS($D$42-G48)^2))^0.5 -> 0.97344215 | I48: =1/H48^$D$40 -> 1.0272824 | K48: =M13/H48^$D$40 -> 0.21627843 | N48: =N13/H48^$D$40 -> 0.10444883
E49: =C14 -> 25021240 | F49: =E14 -> 9.2600833 | G49: =F14 -> -73.809861 | H49: =((ABS($C$42-F49)^2)+(ABS($D$42-G49)^2))^0.5 -> 1.1862064 | I49: =1/H49^$D$40 -> 0.84302363 | K49: =M14/H49^$D$40 -> 0.080997671 | N49: =N14/H49^$D$40 -> 0.016821409
E50: =C15 -> 25021650 | F50: =E15 -> 9.5573889 | G50: =F15 -> -73.876194 | H50: =((ABS($C$42-F50)^2)+(ABS($D$42-G50)^2))^0.5 -> 1.0665178 | I50: =1/H50^$D$40 -> 0.93763083 | K50: =M15/H50^$D$40 -> 0.10232993 | N50: =N15/H50^$D$40 -> 0.028305194
E51: =C16 -> 25025250 | F51: =E16 -> 9.3610278 | G51: =F16 -> -73.593389 | H51: =((ABS($C$42-F51)^2)+(ABS($D$42-G51)^2))^0.5 -> 0.96137078 | I51: =1/H51^$D$40 -> 1.0401814 | K51: =M16/H51^$D$40 -> 0.092471461 | N51: =N16/H51^$D$40 -> 0.033405475
E52: =C17 -> 28010070 | F52: =E17 -> 10.1855 | G52: =F17 -> -73.467111 | H52: =((ABS($C$42-F52)^2)+(ABS($D$42-G52)^2))^0.5 -> 0.5430711 | I52: =1/H52^$D$40 -> 1.8413795 | K52: =M17/H52^$D$40 -> 0.18293055 | N52: =N17/H52^$D$40 -> 0.097100651
E53: =C18 -> 28020080 | F53: =E18 -> 9.8480833 | G53: =F18 -> -73.462194 | H53: =((ABS($C$42-F53)^2)+(ABS($D$42-G53)^2))^0.5 -> 0.56719626 | I53: =1/H53^$D$40 -> 1.7630582 | K53: =M18/H53^$D$40 -> 0.26395404 | N53: =N18/H53^$D$40 -> 0.11320336
E54: =C19 -> 28020150 | F54: =E19 -> 10.029972 | G54: =F19 -> -73.668833 | H54: =((ABS($C$42-F54)^2)+(ABS($D$42-G54)^2))^0.5 -> 0.73186333 | I54: =1/H54^$D$40 -> 1.3663753 | K54: =M19/H54^$D$40 -> 0.1739177 | N54: =N19/H54^$D$40 -> 0.085900722
... E67: =C32 -> 28040350 | F67: =E32 -> 9.6569722 | G67: =F32 -> -73.743694 | H67: =((ABS($C$42-F67)^2)+(ABS($D$42-G67)^2))^0.5 -> 0.9029499 | I67: =1/H67^$D$40 -> 1.1074812 | K67: =M32/H67^$D$40 -> 0.1400989 | N67: =N32/H67^$D$40 -> 0.092376894
B68: =C34 -> Virtual2 | C68: =E34 -> 9.739112 | D68: =F34 -> -72.944279 | E68: =C7 -> 25020230 | F68: =E7 -> 9.5621667 | G68: =F7 -> -73.339472 | H68: =((ABS($C$68-F68)^2)+(ABS($D$68-G68)^2))^0.5 -> 0.43299807 | I68: =1/H68^$D$40 -> 2.3094791 | J68: =SUM(I68:I93) -> 46.859278 | K68: =M7/H68^$D$40 -> 0.33807343 | L68: =SUM(K68:K93) -> 6.356367 | M68: =L68/J68 -> 0.13564799 | N68: =N7/H68^$D$40 -> 0.12374896 | O68: =SUM(N68:N93) -> 2.1234824 | P68: =O68/J68 -> 0.045316158
E69: =C8 -> 25020240 | F69: =E8 -> 9.4104722 | G69: =F8 -> -73.890417 | H69: =((ABS($C$68-F69)^2)+(ABS($D$68-G69)^2))^0.5 -> 1.001589 | I69: =1/H69^$D$40 -> 0.99841349 | K69: =M8/H69^$D$40 -> 0.10989941 | N69: =N8/H69^$D$40 -> 0.029319202
E70: =C9 -> 25020250 | F70: =E9 -> 9.1971944 | G70: =F9 -> -73.541944 | H70: =((ABS($C$68-F70)^2)+(ABS($D$68-G70)^2))^0.5 -> 0.80677049 | I70: =1/H70^$D$40 -> 1.2395099 | K70: =M9/H70^$D$40 -> 0.13050501 | N70: =N9/H70^$D$40 -> 0.032822435
E71: =C10 -> 25020260 | F71: =E10 -> 9.3970278 | G71: =F10 -> -73.488028 | H71: =((ABS($C$68-F71)^2)+(ABS($D$68-G71)^2))^0.5 -> 0.64240513 | I71: =1/H71^$D$40 -> 1.5566501 | K71: =M10/H71^$D$40 -> 0.16856059 | N71: =N10/H71^$D$40 -> 0.050278173
E72: =C11 -> 25020280 | F72: =E11 -> 9.6065278 | G72: =F11 -> -73.611972 | H72: =((ABS($C$68-F72)^2)+(ABS($D$68-G72)^2))^0.5 -> 0.68072962 | I72: =1/H72^$D$40 -> 1.469012 | K72: =M11/H72^$D$40 -> 0.18906111 | N72: =N11/H72^$D$40 -> 0.063115774
E73: =C12 -> 25020690 | F73: =E12 -> 9.4232778 | G73: =F12 -> -73.410944 | H73: =((ABS($C$68-F73)^2)+(ABS($D$68-G73)^2))^0.5 -> 0.56349613 | I73: =1/H73^$D$40 -> 1.7746351 | K73: =M12/H73^$D$40 -> 0.19136959 | N73: =N12/H73^$D$40 -> 0.054075378
E74: =C13 -> 25020920 | F74: =E13 -> 9.2166667 | G74: =F13 -> -73.416667 | H74: =((ABS($C$68-F74)^2)+(ABS($D$68-G74)^2))^0.5 -> 0.70434312 | I74: =1/H74^$D$40 -> 1.4197626 | K74: =M13/H74^$D$40 -> 0.29890905 | N74: =N13/H74^$D$40 -> 0.14435421
E75: =C14 -> 25021240 | F75: =E14 -> 9.2600833 | G75: =F14 -> -73.809861 | H75: =((ABS($C$68-F75)^2)+(ABS($D$68-G75)^2))^0.5 -> 0.98929311 | I75: =1/H75^$D$40 -> 1.0108228 | K75: =M14/H75^$D$40 -> 0.097119804 | N75: =N14/H75^$D$40 -> 0.020169616
E76: =C15 -> 25021650 | F76: =E15 -> 9.5573889 | G76: =F15 -> -73.876194 | H76: =((ABS($C$68-F76)^2)+(ABS($D$68-G76)^2))^0.5 -> 0.9494681 | I76: =1/H76^$D$40 -> 1.0532213 | K76: =M15/H76^$D$40 -> 0.11494509 | N76: =N15/H76^$D$40 -> 0.031794637
E77: =C16 -> 25025250 | F77: =E16 -> 9.3610278 | G77: =F16 -> -73.593389 | H77: =((ABS($C$68-F77)^2)+(ABS($D$68-G77)^2))^0.5 -> 0.75119327 | I77: =1/H77^$D$40 -> 1.3312153 | K77: =M16/H77^$D$40 -> 0.11834419 | N77: =N16/H77^$D$40 -> 0.042752043
E78: =C17 -> 28010070 | F78: =E17 -> 10.1855 | G78: =F17 -> -73.467111 | H78: =((ABS($C$68-F78)^2)+(ABS($D$68-G78)^2))^0.5 -> 0.68747048 | I78: =1/H78^$D$40 -> 1.4546079 | K78: =M17/H78^$D$40 -> 0.144507 | N78: =N17/H78^$D$40 -> 0.076705195
E79: =C18 -> 28020080 | F79: =E18 -> 9.8480833 | G79: =F18 -> -73.462194 | H79: =((ABS($C$68-F79)^2)+(ABS($D$68-G79)^2))^0.5 -> 0.52925528 | I79: =1/H79^$D$40 -> 1.8894474 | K79: =M18/H79^$D$40 -> 0.28287624 | N79: =N18/H79^$D$40 -> 0.12131862
E80: =C19 -> 28020150 | F80: =E19 -> 10.029972 | G80: =F19 -> -73.668833 | H80: =((ABS($C$68-F80)^2)+(ABS($D$68-G80)^2))^0.5 -> 0.78075518 | I80: =1/H80^$D$40 -> 1.2808112 | K80: =M19/H80^$D$40 -> 0.16302676 | N80: =N19/H80^$D$40 -> 0.080521513
... E93: =C32 -> 28040350 | F93: =E32 -> 9.6569722 | G93: =F32 -> -73.743694 | H93: =((ABS($C$68-F93)^2)+(ABS($D$68-G93)^2))^0.5 -> 0.80362428 | I93: =1/H93^$D$40 -> 1.2443626 | K93: =M32/H93^$D$40 -> 0.15741472 | N93: =N32/H93^$D$40 -> 0.10379441
B94: =C35 -> Virtual3 | C94: =E35 -> 9.55008 | D94: =F35 -> -73.027958 | E94: =C7 -> 25020230 | F94: =E7 -> 9.5621667 | G94: =F7 -> -73.339472 | H94: =((ABS($C$94-F94)^2)+(ABS($D$94-G94)^2))^0.5 -> 0.31174861 | I94: =1/H94^$D$40 -> 3.2077128 | J94: =SUM(I94:I119) -> 49.347525 | K94: =M7/H94^$D$40 -> 0.46956149 | L94: =SUM(K94:K119) -> 6.6224644 | M94: =L94/J94 -> 0.13420054 | N94: =N7/H94^$D$40 -> 0.17187907 | O94: =SUM(N94:N119) -> 2.2410043 | P94: =O94/J94 -> 0.045412699
E95: =C8 -> 25020240 | F95: =E8 -> 9.4104722 | G95: =F8 -> -73.890417 | H95: =((ABS($C$94-F95)^2)+(ABS($D$94-G95)^2))^0.5 -> 0.87368489 | I95: =1/H95^$D$40 -> 1.1445774 | K95: =M8/H95^$D$40 -> 0.12598826 | N95: =N8/H95^$D$40 -> 0.033611422
E96: =C9 -> 25020250 | F96: =E9 -> 9.1971944 | G96: =F9 -> -73.541944 | H96: =((ABS($C$94-F96)^2)+(ABS($D$94-G96)^2))^0.5 -> 0.62346634 | I96: =1/H96^$D$40 -> 1.6039358 | K96: =M9/H96^$D$40 -> 0.16887454 | N96: =N9/H96^$D$40 -> 0.042472497
E97: =C10 -> 25020260 | F97: =E10 -> 9.3970278 | G97: =F10 -> -73.488028 | H97: =((ABS($C$94-F97)^2)+(ABS($D$94-G97)^2))^0.5 -> 0.48485996 | I97: =1/H97^$D$40 -> 2.0624512 | K97: =M10/H97^$D$40 -> 0.22333085 | N97: =N10/H97^$D$40 -> 0.06661502
E98: =C11 -> 25020280 | F98: =E11 -> 9.6065278 | G98: =F11 -> -73.611972 | H98: =((ABS($C$94-F98)^2)+(ABS($D$94-G98)^2))^0.5 -> 0.58673585 | I98: =1/H98^$D$40 -> 1.7043445 | K98: =M11/H98^$D$40 -> 0.21934828 | N98: =N11/H98^$D$40 -> 0.073226779
E99: =C12 -> 25020690 | F99: =E12 -> 9.4232778 | G99: =F12 -> -73.410944 | H99: =((ABS($C$94-F99)^2)+(ABS($D$94-G99)^2))^0.5 -> 0.40343205 | I99: =1/H99^$D$40 -> 2.4787322 | K99: =M12/H99^$D$40 -> 0.26729662 | N99: =N12/H99^$D$40 -> 0.075530108
E100: =C13 -> 25020920 | F100: =E13 -> 9.2166667 | G100: =F13 -> -73.416667 | H100: =((ABS($C$94-F100)^2)+(ABS($D$94-G100)^2))^0.5 -> 0.51211218 | I100: =1/H100^$D$40 -> 1.9526972 | K100: =M13/H100^$D$40 -> 0.4111102 | N100: =N13/H100^$D$40 -> 0.19854028
E101: =C14 -> 25021240 | F101: =E14 -> 9.2600833 | G101: =F14 -> -73.809861 | H101: =((ABS($C$94-F101)^2)+(ABS($D$94-G101)^2))^0.5 -> 0.83394876 | I101: =1/H101^$D$40 -> 1.1991144 | K101: =M14/H101^$D$40 -> 0.11521086 | N101: =N14/H101^$D$40 -> 0.023926724
E102: =C15 -> 25021650 | F102: =E15 -> 9.5573889 | G102: =F15 -> -73.876194 | H102: =((ABS($C$94-F102)^2)+(ABS($D$94-G102)^2))^0.5 -> 0.84826793 | I102: =1/H102^$D$40 -> 1.1788728 | K102: =M15/H102^$D$40 -> 0.12865828 | N102: =N15/H102^$D$40 -> 0.035587805
E103: =C16 -> 25025250 | F103: =E16 -> 9.3610278 | G103: =F16 -> -73.593389 | H103: =((ABS($C$94-F103)^2)+(ABS($D$94-G103)^2))^0.5 -> 0.59619865 | I103: =1/H103^$D$40 -> 1.6772933 | K103: =M16/H103^$D$40 -> 0.1491103 | N103: =N16/H103^$D$40 -> 0.053866353
E104: =C17 -> 28010070 | F104: =E17 -> 10.1855 | G104: =F17 -> -73.467111 | H104: =((ABS($C$94-F104)^2)+(ABS($D$94-G104)^2))^0.5 -> 0.77240794 | I104: =1/H104^$D$40 -> 1.2946527 | K104: =M17/H104^$D$40 -> 0.12861636 | N104: =N17/H104^$D$40 -> 0.068270346
E105: =C18 -> 28020080 | F105: =E18 -> 9.8480833 | G105: =F18 -> -73.462194 | H105: =((ABS($C$94-F105)^2)+(ABS($D$94-G105)^2))^0.5 -> 0.52665669 | I105: =1/H105^$D$40 -> 1.8987701 | K105: =M18/H105^$D$40 -> 0.28427198 | N105: =N18/H105^$D$40 -> 0.12191722
E106: =C19 -> 28020150 | F106: =E19 -> 10.029972 | G106: =F19 -> -73.668833 | H106: =((ABS($C$94-F106)^2)+(ABS($D$94-G106)^2))^0.5 -> 0.80063583 | I106: =1/H106^$D$40 -> 1.2490073 | K106: =M19/H106^$D$40 -> 0.15897863 | N106: =N19/H106^$D$40 -> 0.078522077
... E119: =C32 -> 28040350 | F119: =E32 -> 9.6569722 | G119: =F32 -> -73.743694 | H119: =((ABS($C$94-F119)^2)+(ABS($D$94-G119)^2))^0.5 -> 0.72367437 | I119: =1/H119^$D$40 -> 1.381837 | K119: =M32/H119^$D$40 -> 0.17480554 | N119: =N32/H119^$D$40 -> 0.11526138
B120: =C36 -> Virtual4 | C120: =E36 -> 9.395879 | D120: =F36 -> -73.196423 | E120: =C7 -> 25020230 | F120: =E7 -> 9.5621667 | G120: =F7 -> -73.339472 | H120: =((ABS($C$120-F120)^2)+(ABS($D$120-G120)^2))^0.5 -> 0.21935056 | I120: =1/H120^$D$40 -> 4.5589125 | J120: =SUM(I120:I145) -> 56.613075 | K120: =M7/H120^$D$40 -> 0.66735705 | L120: =SUM(K120:K145) -> 7.4986744 | M120: =L120/J120 -> 0.13245482 | N120: =N7/H120^$D$40 -> 0.24428049 | O120: =SUM(N120:N145) -> 2.5870446 | P120: =O120/J120 -> 0.045696945
E121: =C8 -> 25020240 | F121: =E8 -> 9.4104722 | G121: =F8 -> -73.890417 | H121: =((ABS($C$120-F121)^2)+(ABS($D$120-G121)^2))^0.5 -> 0.69414709 | I121: =1/H121^$D$40 -> 1.4406169 | K121: =M8/H121^$D$40 -> 0.15857452 | N121: =N8/H121^$D$40 -> 0.042304854
E122: =C9 -> 25020250 | F122: =E9 -> 9.1971944 | G122: =F9 -> -73.541944 | H122: =((ABS($C$120-F122)^2)+(ABS($D$120-G122)^2))^0.5 -> 0.39857323 | I122: =1/H122^$D$40 -> 2.5089492 | K122: =M9/H122^$D$40 -> 0.26416123 | N122: =N9/H122^$D$40 -> 0.066437407
E123: =C10 -> 25020260 | F123: =E10 -> 9.3970278 | G123: =F10 -> -73.488028 | H123: =((ABS($C$120-F123)^2)+(ABS($D$120-G123)^2))^0.5 -> 0.29160704 | I123: =1/H123^$D$40 -> 3.4292725 | K123: =M10/H123^$D$40 -> 0.37133598 | N123: =N10/H123^$D$40 -> 0.11076192
E124: =C11 -> 25020280 | F124: =E11 -> 9.6065278 | G124: =F11 -> -73.611972 | H124: =((ABS($C$120-F124)^2)+(ABS($D$120-G124)^2))^0.5 -> 0.46589061 | I124: =1/H124^$D$40 -> 2.1464266 | K124: =M11/H124^$D$40 -> 0.27624403 | N124: =N11/H124^$D$40 -> 0.092220739
E125: =C12 -> 25020690 | F125: =E12 -> 9.4232778 | G125: =F12 -> -73.410944 | H125: =((ABS($C$120-F125)^2)+(ABS($D$120-G125)^2))^0.5 -> 0.21626405 | I125: =1/H125^$D$40 -> 4.6239769 | K125: =M12/H125^$D$40 -> 0.49863127 | N125: =N12/H125^$D$40 -> 0.14089843
E126: =C13 -> 25020920 | F126: =E13 -> 9.2166667 | G126: =F13 -> -73.416667 | H126: =((ABS($C$120-F126)^2)+(ABS($D$120-G126)^2))^0.5 -> 0.28394425 | I126: =1/H126^$D$40 -> 3.5218182 | K126: =M13/H126^$D$40 -> 0.74146436 | N126: =N13/H126^$D$40 -> 0.3580805
E127: =C14 -> 25021240 | F127: =E14 -> 9.2600833 | G127: =F14 -> -73.809861 | H127: =((ABS($C$120-F127)^2)+(ABS($D$120-G127)^2))^0.5 -> 0.62828877 | I127: =1/H127^$D$40 -> 1.5916248 | K127: =M14/H127^$D$40 -> 0.15292324 | N127: =N14/H127^$D$40 -> 0.031758744
E128: =C15 -> 25021650 | F128: =E15 -> 9.5573889 | G128: =F15 -> -73.876194 | H128: =((ABS($C$120-F128)^2)+(ABS($D$120-G128)^2))^0.5 -> 0.69869497 | I128: =1/H128^$D$40 -> 1.4312397 | K128: =M15/H128^$D$40 -> 0.15620077 | N128: =N15/H128^$D$40 -> 0.043206256
E129: =C16 -> 25025250 | F129: =E16 -> 9.3610278 | G129: =F16 -> -73.593389 | H129: =((ABS($C$120-F129)^2)+(ABS($D$120-G129)^2))^0.5 -> 0.39849282 | I129: =1/H129^$D$40 -> 2.5094555 | K129: =M16/H129^$D$40 -> 0.22308899 | N129: =N16/H129^$D$40 -> 0.080591282
E130: =C17 -> 28010070 | F130: =E17 -> 10.1855 | G130: =F17 -> -73.467111 | H130: =((ABS($C$120-F130)^2)+(ABS($D$120-G130)^2))^0.5 -> 0.83472952 | I130: =1/H130^$D$40 -> 1.1979928 | K130: =M17/H130^$D$40 -> 0.11901376 | N130: =N17/H130^$D$40 -> 0.063173227
E131: =C18 -> 28020080 | F131: =E18 -> 9.8480833 | G131: =F18 -> -73.462194 | H131: =((ABS($C$120-F131)^2)+(ABS($D$120-G131)^2))^0.5 -> 0.52452189 | I131: =1/H131^$D$40 -> 1.9064981 | K131: =M18/H131^$D$40 -> 0.28542897 | N131: =N18/H131^$D$40 -> 0.12241343
E132: =C19 -> 28020150 | F132: =E19 -> 10.029972 | G132: =F19 -> -73.668833 | H132: =((ABS($C$120-F132)^2)+(ABS($D$120-G132)^2))^0.5 -> 0.79072481 | I132: =1/H132^$D$40 -> 1.2646625 | K132: =M19/H132^$D$40 -> 0.16097128 | N132: =N19/H132^$D$40 -> 0.07950628
... E145: =C32 -> 28040350 | F145: =E32 -> 9.6569722 | G145: =F32 -> -73.743694 | H145: =((ABS($C$120-F145)^2)+(ABS($D$120-G145)^2))^0.5 -> 0.60636268 | I145: =1/H145^$D$40 -> 1.649178 | K145: =M32/H145^$D$40 -> 0.20862479 | N145: =N32/H145^$D$40 -> 0.13756075
B146: Latitud y longitud en grados decimales proyectados en sistema WGS 1984.

Sheet Comparacion
B2: Comparación de resultados de los métodos propuestos
B3: Estación | C3: Medio zonal estaciones reales, mm | D3: Método 1 | F3: Método 2 | H3: Método 3 | J3: Método 4
D4: PMax24h, mm | E4: Similitud | F4: PMax24h, mm | G4: Similitud | H4: PMax24h, mm | I4: Similitud | J4: PMax24h, mm | K4: Similitud
B5: Virtual1 | C5: =Metodo1!H5 -> 97.615969 | D5: =+Metodo1!H33 -> 95.90906 | E5: =IF(D5<$C$5,D5/$C$5,$C$5/D5) -> 0.98251404 | F5: =+Metodo2!H33 -> 86.669481 | G5: =IF(F5<$C$5,F5/$C$5,$C$5/F5) -> 0.88786171 | H5: =+Metodo3!H33 -> 4.5526918 | I5: =IF(H5<$C$5,H5/$C$5,$C$5/H5) -> 0.046638802 | J5: =+Metodo4!I33 -> 50.044692 | K5: =IF(J5<$C$5,J5/$C$5,$C$5/J5) -> 0.51266911
B6: Virtual2 | D6: =+Metodo1!H34 -> 96.581282 | E6: =IF(D6<$C$5,D6/$C$5,$C$5/D6) -> 0.98940044 | F6: =+Metodo2!H34 -> 116.88997 | G6: =IF(F6<$C$5,F6/$C$5,$C$5/F6) -> 0.83510988 | H6: =+Metodo3!H34 -> 12.335298 | I6: =IF(H6<$C$5,H6/$C$5,$C$5/H6) -> 0.12636558 | J6: =+Metodo4!I34 -> 73.557817 | K6: =IF(J6<$C$5,J6/$C$5,$C$5/J6) -> 0.75354287
B7: Virtual3 | D7: =+Metodo1!H35 -> 96.555343 | E7: =IF(D7<$C$5,D7/$C$5,$C$5/D7) -> 0.98913471 | F7: =+Metodo2!H35 -> 129.63112 | G7: =IF(F7<$C$5,F7/$C$5,$C$5/F7) -> 0.75302881 | H7: =+Metodo3!H35 -> 31.4461 | I7: =IF(H7<$C$5,H7/$C$5,$C$5/H7) -> 0.32214095 | J7: =+Metodo4!I35 -> 91.52756 | K7: =IF(J7<$C$5,J7/$C$5,$C$5/J7) -> 0.93762897
B8: Virtual4 | D8: =+Metodo1!H36 -> 101.23163 | E8: =IF(D8<$C$5,D8/$C$5,$C$5/D8) -> 0.96428326 | F8: =+Metodo2!H36 -> 111.13931 | G8: =IF(F8<$C$5,F8/$C$5,$C$5/F8) -> 0.87832079 | H8: =+Metodo3!H36 -> 7.4434259 | I8: =IF(H8<$C$5,H8/$C$5,$C$5/H8) -> 0.076252134 | J8: =+Metodo4!I36 -> 64.32826 | K8: =IF(J8<$C$5,J8/$C$5,$C$5/J8) -> 0.65899321

Sheet Metodo2EjemploBasico
B2: Método 2: ejemplo básico de estimación de precipitación máxima en estaciones virtuales.
B3: A partir de la relación entre la precipitación máxima, la precipitación media y el valor inverso de la distancia. (método propuesto por GEAR, 2019)
B5: A. Estaciones
B6: Clase | C6: Código | D6: PMed,mm | E6: PMax24H,mm | F6: R | G6: Función de estimación
B7: Real | C7: P1 | D7: 1200 | E7: 89 | F7: =E7/D7 -> 0.074166667
C8: P2 | D8: 960 | E8: 78 | F8: =E8/D8 -> 0.08125
C9: P3 | D9: 1120 | E9: 96 | F9: =E9/D9 -> 0.085714286
B10: Virtual | C10: PV1 | D10: 1034 | E10: =D10*I16 -> 84.637512 | F10: << Datos virtuales a estimar
C11: PV2 | D11: 785 | E11: =D11*I19 -> 63.773153
B13: B. Matriz de distancias y relaciones
B14: Potencia de tensión, n: | D14: 1 | E14: n = 0, exluye la distancia de la ponderación
B15: Estación virtual a completar | C15: Estación testigo | D15: d, distancia, m | E15: 1/dn, inverso de la distancia | F15: ∑ 1/dn | G15: R / dn | H15: ∑ R/dn | I15: Relación
B16: =C10 -> PV1 | C16: =C7 -> P1 | D16: 7000 | E16: =1/D16^$D$14 -> 0.00014285714 | F16: =SUM(E16:E18) -> 0.00063392857 | G16: =F7/D16^$D$14 -> 1.0595238e-05 | H16: =SUM(G16:G18) -> 5.1889881e-05 | I16: =H16/F16 -> 0.08185446
C17: =C8 -> P2 | D17: 5600 | E17: =1/D17^$D$14 -> 0.00017857143 | G17: =F8/D17^$D$14 -> 1.4508929e-05
C18: =C9 -> P3 | D18: 3200 | E18: =1/D18^$D$14 -> 0.0003125 | G18: =F9/D18^$D$14 -> 2.6785714e-05
B19: =C11 -> PV2 | C19: =C7 -> P1 | D19: 8200 | E19: =1/D19^$D$14 -> 0.00012195122 | F19: =SUM(E19:E21) -> 0.00051425891 | G19: =F7/D19^$D$14 -> 9.0447154e-06 | H19: =SUM(G19:G21) -> 4.1778232e-05 | I19: =H19/F19 -> 0.081239685
C20: =C8 -> P2 | D20: 5000 | E20: =1/D20^$D$14 -> 0.0002 | G20: =F8/D20^$D$14 -> 1.625e-05
C21: =C9 -> P3 | D21: 5200 | E21: =1/D21^$D$14 -> 0.00019230769 | G21: =F9/D21^$D$14 -> 1.6483516e-05

Sheet {R}
B2: Contenido creado por:
B3: r.cfdtools@gmail.com & GEAR
B4: https://github.com/rcfdtools
B6: Licencia, cláusulas y condiciones de uso en:
B7: https://github.com/rcfdtools/R.HydroTools/wiki/License
B22: Password: 1234
